ts,date,time,symbol,name,market,price,pct
2026-08-24T19:29:39.279446+09:00,2026-08-24,19:29,AAPL,애플,US,309.3500,-0.6264
2026-08-24T19:29:39.279446+09:00,2026-08-24,19:29,MSFT,마이크로소프트,US,483.2400,0.4344
2026-08-24T19:29:39.279446+09:00,2026-08-24,19:29,GOOGL,알파벳,US,344.8200,1.2182
2026-08-24T19:29:39.279446+09:00,2026-08-24,19:29,AMZN,아마존,US,258.6300,-0.5690
2026-08-24T19:29:39.279446+09:00,2026-08-24,19:29,META,메타,US,549.9000,0.7457
2026-08-24T19:29:39.279446+09:00,2026-08-24,19:29,NVDA,엔비디아,US,214.7200,-0.9822
2026-08-24T19:29:39.279446+09:00,2026-08-24,19:29,TSLA,테슬라,US,362.8600,5.1372
2026-08-24T19:29:39.279446+09:00,2026-08-24,19:29,PLTR,팔란티어,US,179.9400,3.4376
2026-08-24T19:29:39.279446+09:00,2026-08-24,19:29,SPCX,스페이스X,US,136.9700,2.2164
2026-08-24T19:29:39.279446+09:00,2026-08-24,19:29,GEV,GE베르노바,US,956.8500,-0.9482
2026-08-24T19:29:39.279446+09:00,2026-08-24,19:29,BE,블룸에너지,US,201.4500,-0.5087
2026-08-24T19:29:39.279446+09:00,2026-08-24,19:29,034020,두산에너빌리티,KR,73000.0000,-0.4093
2026-08-24T19:29:39.279446+09:00,2026-08-24,19:29,015760,한국전력,KR,31500.0000,-0.7874
2026-08-24T19:29:39.279446+09:00,2026-08-24,19:29,005930,삼성전자,KR,257000.0000,-8.7034
2026-08-24T19:29:39.279446+09:00,2026-08-24,19:29,000660,SK하이닉스,KR,1671000.0000,-3.4104
2026-08-24T19:29:39.279446+09:00,2026-08-24,19:29,066570,LG전자,KR,199800.0000,2.7249
2026-08-24T19:29:39.279446+09:00,2026-08-24,19:29,009150,삼성전기,KR,1318000.0000,0.1520
2026-08-24T19:29:39.279446+09:00,2026-08-24,19:29,005380,현대차,KR,414000.0000,-0.2410
2026-08-24T19:29:39.279446+09:00,2026-08-24,19:29,035420,네이버,KR,223500.0000,0.6757
2026-08-24T19:29:39.279446+09:00,2026-08-24,19:29,302440,SK바이오사이언스,KR,38300.0000,4.9315
2026-08-24T19:29:39.279446+09:00,2026-08-24,19:29,475230,엔알비,KR,8950.0000,-1.7563
2026-08-24T19:29:39.279446+09:00,2026-08-24,19:29,220100,퓨쳐켐,KR,8130.0000,0.3704
2026-08-25T07:30:05.071445+09:00,2026-08-25,07:30,AAPL,애플,US,310.3400,0.3200
2026-08-25T07:30:05.071445+09:00,2026-08-25,07:30,MSFT,마이크로소프트,US,487.3100,0.8422
2026-08-25T07:30:05.071445+09:00,2026-08-25,07:30,GOOGL,알파벳,US,348.0600,0.9396
2026-08-25T07:30:05.071445+09:00,2026-08-25,07:30,AMZN,아마존,US,262.0700,1.3301
2026-08-25T07:30:05.071445+09:00,2026-08-25,07:30,META,메타,US,559.0200,1.6585
2026-08-25T07:30:05.071445+09:00,2026-08-25,07:30,NVDA,엔비디아,US,208.4800,-2.9061
2026-08-25T07:30:05.071445+09:00,2026-08-25,07:30,TSLA,테슬라,US,348.9500,-3.8334
2026-08-25T07:30:05.071445+09:00,2026-08-25,07:30,PLTR,팔란티어,US,175.8900,-2.2508
2026-08-25T07:30:05.071445+09:00,2026-08-25,07:30,SPCX,스페이스X,US,135.0000,-1.4383
2026-08-25T07:30:05.071445+09:00,2026-08-25,07:30,GEV,GE베르노바,US,942.1000,-1.5415
2026-08-25T07:30:05.071445+09:00,2026-08-25,07:30,BE,블룸에너지,US,204.0200,1.2758
2026-08-25T07:30:05.071445+09:00,2026-08-25,07:30,034020,두산에너빌리티,KR,73000.0000,-0.4093
2026-08-25T07:30:05.071445+09:00,2026-08-25,07:30,015760,한국전력,KR,31500.0000,-0.7874
2026-08-25T07:30:05.071445+09:00,2026-08-25,07:30,005930,삼성전자,KR,257000.0000,-8.7034
2026-08-25T07:30:05.071445+09:00,2026-08-25,07:30,000660,SK하이닉스,KR,1671000.0000,-3.4104
2026-08-25T07:30:05.071445+09:00,2026-08-25,07:30,066570,LG전자,KR,199800.0000,2.7249
2026-08-25T07:30:05.071445+09:00,2026-08-25,07:30,009150,삼성전기,KR,1318000.0000,0.1520
2026-08-25T07:30:05.071445+09:00,2026-08-25,07:30,005380,현대차,KR,414000.0000,-0.2410
2026-08-25T07:30:05.071445+09:00,2026-08-25,07:30,035420,네이버,KR,223500.0000,0.6757
2026-08-25T07:30:05.071445+09:00,2026-08-25,07:30,302440,SK바이오사이언스,KR,38300.0000,4.9315
2026-08-25T07:30:05.071445+09:00,2026-08-25,07:30,475230,엔알비,KR,8950.0000,-1.7563
2026-08-25T07:30:05.071445+09:00,2026-08-25,07:30,220100,퓨쳐켐,KR,8130.0000,0.3704
2026-08-25T11:23:36.813897+09:00,2026-08-25,11:23,AAPL,애플,US,310.3400,0.3200
2026-08-25T11:23:36.813897+09:00,2026-08-25,11:23,MSFT,마이크로소프트,US,487.3100,0.8422
2026-08-25T11:23:36.813897+09:00,2026-08-25,11:23,GOOGL,알파벳,US,348.0600,0.9396
2026-08-25T11:23:36.813897+09:00,2026-08-25,11:23,AMZN,아마존,US,262.0700,1.3301
2026-08-25T11:23:36.813897+09:00,2026-08-25,11:23,META,메타,US,559.0200,1.6585
2026-08-25T11:23:36.813897+09:00,2026-08-25,11:23,NVDA,엔비디아,US,208.4800,-2.9061
2026-08-25T11:23:36.813897+09:00,2026-08-25,11:23,TSLA,테슬라,US,348.9500,-3.8334
2026-08-25T11:23:36.813897+09:00,2026-08-25,11:23,PLTR,팔란티어,US,175.8900,-2.2508
2026-08-25T11:23:36.813897+09:00,2026-08-25,11:23,SPCX,스페이스X,US,135.0000,-1.4383
2026-08-25T11:23:36.813897+09:00,2026-08-25,11:23,GEV,GE베르노바,US,942.1000,-1.5415
2026-08-25T11:23:36.813897+09:00,2026-08-25,11:23,BE,블룸에너지,US,204.0200,1.2758
2026-08-25T11:23:36.813897+09:00,2026-08-25,11:23,034020,두산에너빌리티,KR,77200.0000,5.7534
2026-08-25T11:23:36.813897+09:00,2026-08-25,11:23,015760,한국전력,KR,32300.0000,2.5397
2026-08-25T11:23:36.813897+09:00,2026-08-25,11:23,005930,삼성전자,KR,251250.0000,-2.2374
2026-08-25T11:23:36.813897+09:00,2026-08-25,11:23,000660,SK하이닉스,KR,1594000.0000,-4.6080
2026-08-25T11:23:36.813897+09:00,2026-08-25,11:23,066570,LG전자,KR,194300.0000,-2.7528
2026-08-25T11:23:36.813897+09:00,2026-08-25,11:23,009150,삼성전기,KR,1287000.0000,-2.3520
2026-08-25T11:23:36.813897+09:00,2026-08-25,11:23,005380,현대차,KR,415000.0000,0.2415
2026-08-25T11:23:36.813897+09:00,2026-08-25,11:23,035420,네이버,KR,215500.0000,-3.5794
2026-08-25T11:23:36.813897+09:00,2026-08-25,11:23,302440,SK바이오사이언스,KR,37100.0000,-3.1332
2026-08-25T11:23:36.813897+09:00,2026-08-25,11:23,475230,엔알비,KR,8820.0000,-1.4525
2026-08-25T11:23:36.813897+09:00,2026-08-25,11:23,220100,퓨쳐켐,KR,8230.0000,1.2300
2026-08-25T12:25:25.930990+09:00,2026-08-25,12:25,AAPL,애플,US,310.3400,0.3200
2026-08-25T12:25:25.930990+09:00,2026-08-25,12:25,MSFT,마이크로소프트,US,487.3100,0.8422
2026-08-25T12:25:25.930990+09:00,2026-08-25,12:25,GOOGL,알파벳,US,348.0600,0.9396
2026-08-25T12:25:25.930990+09:00,2026-08-25,12:25,AMZN,아마존,US,262.0700,1.3301
2026-08-25T12:25:25.930990+09:00,2026-08-25,12:25,META,메타,US,559.0200,1.6585
2026-08-25T12:25:25.930990+09:00,2026-08-25,12:25,NVDA,엔비디아,US,208.4800,-2.9061
2026-08-25T12:25:25.930990+09:00,2026-08-25,12:25,TSLA,테슬라,US,348.9500,-3.8334
2026-08-25T12:25:25.930990+09:00,2026-08-25,12:25,PLTR,팔란티어,US,175.8900,-2.2508
2026-08-25T12:25:25.930990+09:00,2026-08-25,12:25,SPCX,스페이스X,US,135.0000,-1.4383
2026-08-25T12:25:25.930990+09:00,2026-08-25,12:25,GEV,GE베르노바,US,942.1000,-1.5415
2026-08-25T12:25:25.930990+09:00,2026-08-25,12:25,BE,블룸에너지,US,204.0200,1.2758
2026-08-25T12:25:25.930990+09:00,2026-08-25,12:25,034020,두산에너빌리티,KR,77100.0000,5.6164
2026-08-25T12:25:25.930990+09:00,2026-08-25,12:25,015760,한국전력,KR,32250.0000,2.3810
2026-08-25T12:25:25.930990+09:00,2026-08-25,12:25,005930,삼성전자,KR,250750.0000,-2.4319
2026-08-25T12:25:25.930990+09:00,2026-08-25,12:25,000660,SK하이닉스,KR,1601000.0000,-4.1891
2026-08-25T12:25:25.930990+09:00,2026-08-25,12:25,066570,LG전자,KR,194900.0000,-2.4525
2026-08-25T12:25:25.930990+09:00,2026-08-25,12:25,009150,삼성전기,KR,1283000.0000,-2.6555
2026-08-25T12:25:25.930990+09:00,2026-08-25,12:25,005380,현대차,KR,414750.0000,0.1812
2026-08-25T12:25:25.930990+09:00,2026-08-25,12:25,035420,네이버,KR,218000.0000,-2.4609
2026-08-25T12:25:25.930990+09:00,2026-08-25,12:25,302440,SK바이오사이언스,KR,37400.0000,-2.3499
2026-08-25T12:25:25.930990+09:00,2026-08-25,12:25,475230,엔알비,KR,8820.0000,-1.4525
2026-08-25T12:25:25.930990+09:00,2026-08-25,12:25,220100,퓨쳐켐,KR,8220.0000,1.1070
2026-08-25T12:43:25.107853+09:00,2026-08-25,12:43,AAPL,애플,US,310.3400,0.3200
2026-08-25T12:43:25.107853+09:00,2026-08-25,12:43,MSFT,마이크로소프트,US,487.3100,0.8422
2026-08-25T12:43:25.107853+09:00,2026-08-25,12:43,GOOGL,알파벳,US,348.0600,0.9396
2026-08-25T12:43:25.107853+09:00,2026-08-25,12:43,AMZN,아마존,US,262.0700,1.3301
2026-08-25T12:43:25.107853+09:00,2026-08-25,12:43,META,메타,US,559.0200,1.6585
2026-08-25T12:43:25.107853+09:00,2026-08-25,12:43,NVDA,엔비디아,US,208.4800,-2.9061
2026-08-25T12:43:25.107853+09:00,2026-08-25,12:43,TSLA,테슬라,US,348.9500,-3.8334
2026-08-25T12:43:25.107853+09:00,2026-08-25,12:43,PLTR,팔란티어,US,175.8900,-2.2508
2026-08-25T12:43:25.107853+09:00,2026-08-25,12:43,SPCX,스페이스X,US,135.0000,-1.4383
2026-08-25T12:43:25.107853+09:00,2026-08-25,12:43,GEV,GE베르노바,US,942.1000,-1.5415
2026-08-25T12:43:25.107853+09:00,2026-08-25,12:43,BE,블룸에너지,US,204.0200,1.2758
2026-08-25T12:43:25.107853+09:00,2026-08-25,12:43,034020,두산에너빌리티,KR,77500.0000,6.1644
2026-08-25T12:43:25.107853+09:00,2026-08-25,12:43,015760,한국전력,KR,32200.0000,2.2222
2026-08-25T12:43:25.107853+09:00,2026-08-25,12:43,005930,삼성전자,KR,252500.0000,-1.7510
2026-08-25T12:43:25.107853+09:00,2026-08-25,12:43,000660,SK하이닉스,KR,1613000.0000,-3.4710
2026-08-25T12:43:25.107853+09:00,2026-08-25,12:43,066570,LG전자,KR,195200.0000,-2.3023
2026-08-25T12:43:25.107853+09:00,2026-08-25,12:43,009150,삼성전기,KR,1296500.0000,-1.6313
2026-08-25T12:43:25.107853+09:00,2026-08-25,12:43,005380,현대차,KR,415000.0000,0.2415
2026-08-25T12:43:25.107853+09:00,2026-08-25,12:43,035420,네이버,KR,219500.0000,-1.7897
2026-08-25T12:43:25.107853+09:00,2026-08-25,12:43,302440,SK바이오사이언스,KR,37250.0000,-2.7415
2026-08-25T12:43:25.107853+09:00,2026-08-25,12:43,475230,엔알비,KR,8850.0000,-1.1173
2026-08-25T12:43:25.107853+09:00,2026-08-25,12:43,220100,퓨쳐켐,KR,8180.0000,0.6150
2026-08-25T14:23:40.954287+09:00,2026-08-25,14:23,AAPL,애플,US,310.3400,0.3200
2026-08-25T14:23:40.954287+09:00,2026-08-25,14:23,MSFT,마이크로소프트,US,487.3100,0.8422
2026-08-25T14:23:40.954287+09:00,2026-08-25,14:23,GOOGL,알파벳,US,348.0600,0.9396
2026-08-25T14:23:40.954287+09:00,2026-08-25,14:23,AMZN,아마존,US,262.0700,1.3301
2026-08-25T14:23:40.954287+09:00,2026-08-25,14:23,META,메타,US,559.0200,1.6585
2026-08-25T14:23:40.954287+09:00,2026-08-25,14:23,NVDA,엔비디아,US,208.4800,-2.9061
2026-08-25T14:23:40.954287+09:00,2026-08-25,14:23,TSLA,테슬라,US,348.9500,-3.8334
2026-08-25T14:23:40.954287+09:00,2026-08-25,14:23,PLTR,팔란티어,US,175.8900,-2.2508
2026-08-25T14:23:40.954287+09:00,2026-08-25,14:23,SPCX,스페이스X,US,135.0000,-1.4383
2026-08-25T14:23:40.954287+09:00,2026-08-25,14:23,GEV,GE베르노바,US,942.1000,-1.5415
2026-08-25T14:23:40.954287+09:00,2026-08-25,14:23,BE,블룸에너지,US,204.0200,1.2758
2026-08-25T14:23:40.954287+09:00,2026-08-25,14:23,034020,두산에너빌리티,KR,80450.0000,10.2055
2026-08-25T14:23:40.954287+09:00,2026-08-25,14:23,015760,한국전력,KR,32850.0000,4.2857
2026-08-25T14:23:40.954287+09:00,2026-08-25,14:23,005930,삼성전자,KR,256500.0000,-0.1946
2026-08-25T14:23:40.954287+09:00,2026-08-25,14:23,000660,SK하이닉스,KR,1667000.0000,-0.2394
2026-08-25T14:23:40.954287+09:00,2026-08-25,14:23,066570,LG전자,KR,199100.0000,-0.3504
2026-08-25T14:23:40.954287+09:00,2026-08-25,14:23,009150,삼성전기,KR,1346000.0000,2.1244
2026-08-25T14:23:40.954287+09:00,2026-08-25,14:23,005380,현대차,KR,418000.0000,0.9662
2026-08-25T14:23:40.954287+09:00,2026-08-25,14:23,035420,네이버,KR,219500.0000,-1.7897
2026-08-25T14:23:40.954287+09:00,2026-08-25,14:23,302440,SK바이오사이언스,KR,37500.0000,-2.0888
2026-08-25T14:23:40.954287+09:00,2026-08-25,14:23,475230,엔알비,KR,9030.0000,0.8939
2026-08-25T14:23:40.954287+09:00,2026-08-25,14:23,220100,퓨쳐켐,KR,8310.0000,2.2140
2026-08-25T15:15:37.988273+09:00,2026-08-25,15:15,AAPL,애플,US,310.3400,0.3200
2026-08-25T15:15:37.988273+09:00,2026-08-25,15:15,MSFT,마이크로소프트,US,487.3100,0.8422
2026-08-25T15:15:37.988273+09:00,2026-08-25,15:15,GOOGL,알파벳,US,348.0600,0.9396
2026-08-25T15:15:37.988273+09:00,2026-08-25,15:15,AMZN,아마존,US,262.0700,1.3301
2026-08-25T15:15:37.988273+09:00,2026-08-25,15:15,META,메타,US,559.0200,1.6585
2026-08-25T15:15:37.988273+09:00,2026-08-25,15:15,NVDA,엔비디아,US,208.4800,-2.9061
2026-08-25T15:15:37.988273+09:00,2026-08-25,15:15,TSLA,테슬라,US,348.9500,-3.8334
2026-08-25T15:15:37.988273+09:00,2026-08-25,15:15,PLTR,팔란티어,US,175.8900,-2.2508
2026-08-25T15:15:37.988273+09:00,2026-08-25,15:15,SPCX,스페이스X,US,135.0000,-1.4383
2026-08-25T15:15:37.988273+09:00,2026-08-25,15:15,GEV,GE베르노바,US,942.1000,-1.5415
2026-08-25T15:15:37.988273+09:00,2026-08-25,15:15,BE,블룸에너지,US,204.0200,1.2758
2026-08-25T15:15:37.988273+09:00,2026-08-25,15:15,034020,두산에너빌리티,KR,80800.0000,10.6849
2026-08-25T15:15:37.988273+09:00,2026-08-25,15:15,015760,한국전력,KR,32700.0000,3.8095
2026-08-25T15:15:37.988273+09:00,2026-08-25,15:15,005930,삼성전자,KR,256500.0000,-0.1946
2026-08-25T15:15:37.988273+09:00,2026-08-25,15:15,000660,SK하이닉스,KR,1676000.0000,0.2992
2026-08-25T15:15:37.988273+09:00,2026-08-25,15:15,066570,LG전자,KR,199800.0000,0.0000
2026-08-25T15:15:37.988273+09:00,2026-08-25,15:15,009150,삼성전기,KR,1351000.0000,2.5038
2026-08-25T15:15:37.988273+09:00,2026-08-25,15:15,005380,현대차,KR,419500.0000,1.3285
2026-08-25T15:15:37.988273+09:00,2026-08-25,15:15,035420,네이버,KR,220000.0000,-1.5660
2026-08-25T15:15:37.988273+09:00,2026-08-25,15:15,302440,SK바이오사이언스,KR,37350.0000,-2.4804
2026-08-25T15:15:37.988273+09:00,2026-08-25,15:15,475230,엔알비,KR,9180.0000,2.5698
2026-08-25T15:15:37.988273+09:00,2026-08-25,15:15,220100,퓨쳐켐,KR,8400.0000,3.3210
2026-08-25T15:29:41.208821+09:00,2026-08-25,15:29,AAPL,애플,US,310.3400,0.3200
2026-08-25T15:29:41.208821+09:00,2026-08-25,15:29,MSFT,마이크로소프트,US,487.3100,0.8422
2026-08-25T15:29:41.208821+09:00,2026-08-25,15:29,GOOGL,알파벳,US,348.0600,0.9396
2026-08-25T15:29:41.208821+09:00,2026-08-25,15:29,AMZN,아마존,US,262.0700,1.3301
2026-08-25T15:29:41.208821+09:00,2026-08-25,15:29,META,메타,US,559.0200,1.6585
2026-08-25T15:29:41.208821+09:00,2026-08-25,15:29,NVDA,엔비디아,US,208.4800,-2.9061
2026-08-25T15:29:41.208821+09:00,2026-08-25,15:29,TSLA,테슬라,US,348.9500,-3.8334
2026-08-25T15:29:41.208821+09:00,2026-08-25,15:29,PLTR,팔란티어,US,175.8900,-2.2508
2026-08-25T15:29:41.208821+09:00,2026-08-25,15:29,SPCX,스페이스X,US,135.0000,-1.4383
2026-08-25T15:29:41.208821+09:00,2026-08-25,15:29,GEV,GE베르노바,US,942.1000,-1.5415
2026-08-25T15:29:41.208821+09:00,2026-08-25,15:29,BE,블룸에너지,US,204.0200,1.2758
2026-08-25T15:29:41.208821+09:00,2026-08-25,15:29,034020,두산에너빌리티,KR,80600.0000,10.4110
2026-08-25T15:29:41.208821+09:00,2026-08-25,15:29,015760,한국전력,KR,32650.0000,3.6508
2026-08-25T15:29:41.208821+09:00,2026-08-25,15:29,005930,삼성전자,KR,257500.0000,0.1946
2026-08-25T15:29:41.208821+09:00,2026-08-25,15:29,000660,SK하이닉스,KR,1686000.0000,0.8977
2026-08-25T15:29:41.208821+09:00,2026-08-25,15:29,066570,LG전자,KR,199700.0000,-0.0501
2026-08-25T15:29:41.208821+09:00,2026-08-25,15:29,009150,삼성전기,KR,1361000.0000,3.2625
2026-08-25T15:29:41.208821+09:00,2026-08-25,15:29,005380,현대차,KR,421000.0000,1.6908
2026-08-25T15:29:41.208821+09:00,2026-08-25,15:29,035420,네이버,KR,220500.0000,-1.3423
2026-08-25T15:29:41.208821+09:00,2026-08-25,15:29,302440,SK바이오사이언스,KR,37500.0000,-2.0888
2026-08-25T15:29:41.208821+09:00,2026-08-25,15:29,475230,엔알비,KR,9120.0000,1.8994
2026-08-25T15:29:41.208821+09:00,2026-08-25,15:29,220100,퓨쳐켐,KR,8480.0000,4.3050
2026-08-25T15:54:39.509453+09:00,2026-08-25,15:54,AAPL,애플,US,310.3400,0.3200
2026-08-25T15:54:39.509453+09:00,2026-08-25,15:54,MSFT,마이크로소프트,US,487.3100,0.8422
2026-08-25T15:54:39.509453+09:00,2026-08-25,15:54,GOOGL,알파벳,US,348.0600,0.9396
2026-08-25T15:54:39.509453+09:00,2026-08-25,15:54,AMZN,아마존,US,262.0700,1.3301
2026-08-25T15:54:39.509453+09:00,2026-08-25,15:54,META,메타,US,559.0200,1.6585
2026-08-25T15:54:39.509453+09:00,2026-08-25,15:54,NVDA,엔비디아,US,208.4800,-2.9061
2026-08-25T15:54:39.509453+09:00,2026-08-25,15:54,TSLA,테슬라,US,348.9500,-3.8334
2026-08-25T15:54:39.509453+09:00,2026-08-25,15:54,PLTR,팔란티어,US,175.8900,-2.2508
2026-08-25T15:54:39.509453+09:00,2026-08-25,15:54,SPCX,스페이스X,US,135.0000,-1.4383
2026-08-25T15:54:39.509453+09:00,2026-08-25,15:54,GEV,GE베르노바,US,942.1000,-1.5415
2026-08-25T15:54:39.509453+09:00,2026-08-25,15:54,BE,블룸에너지,US,204.0200,1.2758
2026-08-25T15:54:39.509453+09:00,2026-08-25,15:54,034020,두산에너빌리티,KR,80700.0000,10.5479
2026-08-25T15:54:39.509453+09:00,2026-08-25,15:54,015760,한국전력,KR,32700.0000,3.8095
2026-08-25T15:54:39.509453+09:00,2026-08-25,15:54,005930,삼성전자,KR,257000.0000,0.0000
2026-08-25T15:54:39.509453+09:00,2026-08-25,15:54,000660,SK하이닉스,KR,1678000.0000,0.4189
2026-08-25T15:54:39.509453+09:00,2026-08-25,15:54,066570,LG전자,KR,200500.0000,0.3504
2026-08-25T15:54:39.509453+09:00,2026-08-25,15:54,009150,삼성전기,KR,1362000.0000,3.3384
2026-08-25T15:54:39.509453+09:00,2026-08-25,15:54,005380,현대차,KR,421000.0000,1.6908
2026-08-25T15:54:39.509453+09:00,2026-08-25,15:54,035420,네이버,KR,220500.0000,-1.3423
2026-08-25T15:54:39.509453+09:00,2026-08-25,15:54,302440,SK바이오사이언스,KR,37550.0000,-1.9582
2026-08-25T15:54:39.509453+09:00,2026-08-25,15:54,475230,엔알비,KR,9160.0000,2.3464
2026-08-25T15:54:39.509453+09:00,2026-08-25,15:54,220100,퓨쳐켐,KR,8560.0000,5.2891
2026-08-25T16:23:52.347934+09:00,2026-08-25,16:23,AAPL,애플,US,310.3400,0.3200
2026-08-25T16:23:52.347934+09:00,2026-08-25,16:23,MSFT,마이크로소프트,US,487.3100,0.8422
2026-08-25T16:23:52.347934+09:00,2026-08-25,16:23,GOOGL,알파벳,US,348.0600,0.9396
2026-08-25T16:23:52.347934+09:00,2026-08-25,16:23,AMZN,아마존,US,262.0700,1.3301
2026-08-25T16:23:52.347934+09:00,2026-08-25,16:23,META,메타,US,559.0200,1.6585
2026-08-25T16:23:52.347934+09:00,2026-08-25,16:23,NVDA,엔비디아,US,208.4800,-2.9061
2026-08-25T16:23:52.347934+09:00,2026-08-25,16:23,TSLA,테슬라,US,348.9500,-3.8334
2026-08-25T16:23:52.347934+09:00,2026-08-25,16:23,PLTR,팔란티어,US,175.8900,-2.2508
2026-08-25T16:23:52.347934+09:00,2026-08-25,16:23,SPCX,스페이스X,US,135.0000,-1.4383
2026-08-25T16:23:52.347934+09:00,2026-08-25,16:23,GEV,GE베르노바,US,942.1000,-1.5415
2026-08-25T16:23:52.347934+09:00,2026-08-25,16:23,BE,블룸에너지,US,204.0200,1.2758
2026-08-25T16:23:52.347934+09:00,2026-08-25,16:23,034020,두산에너빌리티,KR,80700.0000,10.5479
2026-08-25T16:23:52.347934+09:00,2026-08-25,16:23,015760,한국전력,KR,32700.0000,3.8095
2026-08-25T16:23:52.347934+09:00,2026-08-25,16:23,005930,삼성전자,KR,257000.0000,0.0000
2026-08-25T16:23:52.347934+09:00,2026-08-25,16:23,000660,SK하이닉스,KR,1678000.0000,0.4189
2026-08-25T16:23:52.347934+09:00,2026-08-25,16:23,066570,LG전자,KR,200500.0000,0.3504
2026-08-25T16:23:52.347934+09:00,2026-08-25,16:23,009150,삼성전기,KR,1362000.0000,3.3384
2026-08-25T16:23:52.347934+09:00,2026-08-25,16:23,005380,현대차,KR,421000.0000,1.6908
2026-08-25T16:23:52.347934+09:00,2026-08-25,16:23,035420,네이버,KR,220500.0000,-1.3423
2026-08-25T16:23:52.347934+09:00,2026-08-25,16:23,302440,SK바이오사이언스,KR,37550.0000,-1.9582
2026-08-25T16:23:52.347934+09:00,2026-08-25,16:23,475230,엔알비,KR,9160.0000,2.3464
2026-08-25T16:23:52.347934+09:00,2026-08-25,16:23,220100,퓨쳐켐,KR,8560.0000,5.2891
2026-08-26T07:31:23.844441+09:00,2026-08-26,07:31,AAPL,애플,US,309.9000,-0.1418
2026-08-26T07:31:23.844441+09:00,2026-08-26,07:31,MSFT,마이크로소프트,US,491.7100,0.9029
2026-08-26T07:31:23.844441+09:00,2026-08-26,07:31,GOOGL,알파벳,US,346.9600,-0.3160
2026-08-26T07:31:23.844441+09:00,2026-08-26,07:31,AMZN,아마존,US,261.0600,-0.3854
2026-08-26T07:31:23.844441+09:00,2026-08-26,07:31,META,메타,US,570.0500,1.9731
2026-08-26T07:31:23.844441+09:00,2026-08-26,07:31,NVDA,엔비디아,US,213.0500,2.1921
2026-08-26T07:31:23.844441+09:00,2026-08-26,07:31,TSLA,테슬라,US,350.2500,0.3725
2026-08-26T07:31:23.844441+09:00,2026-08-26,07:31,PLTR,팔란티어,US,172.7300,-1.7966
2026-08-26T07:31:23.844441+09:00,2026-08-26,07:31,SPCX,스페이스X,US,137.9500,2.1852
2026-08-26T07:31:23.844441+09:00,2026-08-26,07:31,GEV,GE베르노바,US,926.7300,-1.6315
2026-08-26T07:31:23.844441+09:00,2026-08-26,07:31,BE,블룸에너지,US,217.4500,6.5827
2026-08-26T07:31:23.844441+09:00,2026-08-26,07:31,034020,두산에너빌리티,KR,80700.0000,10.5479
2026-08-26T07:31:23.844441+09:00,2026-08-26,07:31,015760,한국전력,KR,32700.0000,3.8095
2026-08-26T07:31:23.844441+09:00,2026-08-26,07:31,005930,삼성전자,KR,257000.0000,0.0000
2026-08-26T07:31:23.844441+09:00,2026-08-26,07:31,000660,SK하이닉스,KR,1678000.0000,0.4189
2026-08-26T07:31:23.844441+09:00,2026-08-26,07:31,066570,LG전자,KR,200500.0000,0.3504
2026-08-26T07:31:23.844441+09:00,2026-08-26,07:31,009150,삼성전기,KR,1362000.0000,3.3384
2026-08-26T07:31:23.844441+09:00,2026-08-26,07:31,005380,현대차,KR,421000.0000,1.6908
2026-08-26T07:31:23.844441+09:00,2026-08-26,07:31,035420,네이버,KR,220500.0000,-1.3423
2026-08-26T07:31:23.844441+09:00,2026-08-26,07:31,302440,SK바이오사이언스,KR,37550.0000,-1.9582
2026-08-26T07:31:23.844441+09:00,2026-08-26,07:31,475230,엔알비,KR,9160.0000,2.3464
2026-08-26T07:31:23.844441+09:00,2026-08-26,07:31,220100,퓨쳐켐,KR,8560.0000,5.2891
2026-08-26T14:24:38.042271+09:00,2026-08-26,14:24,AAPL,애플,US,309.9000,-0.1418
2026-08-26T14:24:38.042271+09:00,2026-08-26,14:24,MSFT,마이크로소프트,US,491.7100,0.9029
2026-08-26T14:24:38.042271+09:00,2026-08-26,14:24,GOOGL,알파벳,US,346.9600,-0.3160
2026-08-26T14:24:38.042271+09:00,2026-08-26,14:24,AMZN,아마존,US,261.0600,-0.3854
2026-08-26T14:24:38.042271+09:00,2026-08-26,14:24,META,메타,US,570.0500,1.9731
2026-08-26T14:24:38.042271+09:00,2026-08-26,14:24,NVDA,엔비디아,US,213.0500,2.1921
2026-08-26T14:24:38.042271+09:00,2026-08-26,14:24,TSLA,테슬라,US,350.2500,0.3725
2026-08-26T14:24:38.042271+09:00,2026-08-26,14:24,PLTR,팔란티어,US,172.7300,-1.7966
2026-08-26T14:24:38.042271+09:00,2026-08-26,14:24,SPCX,스페이스X,US,137.9500,2.1852
2026-08-26T14:24:38.042271+09:00,2026-08-26,14:24,GEV,GE베르노바,US,926.7300,-1.6315
2026-08-26T14:24:38.042271+09:00,2026-08-26,14:24,BE,블룸에너지,US,217.4500,6.5827
2026-08-26T14:24:38.042271+09:00,2026-08-26,14:24,034020,두산에너빌리티,KR,84900.0000,5.2045
2026-08-26T14:24:38.042271+09:00,2026-08-26,14:24,015760,한국전력,KR,35100.0000,7.3394
2026-08-26T14:24:38.042271+09:00,2026-08-26,14:24,005930,삼성전자,KR,261750.0000,1.8482
2026-08-26T14:24:38.042271+09:00,2026-08-26,14:24,000660,SK하이닉스,KR,1699000.0000,1.2515
2026-08-26T14:24:38.042271+09:00,2026-08-26,14:24,066570,LG전자,KR,199800.0000,-0.3491
2026-08-26T14:24:38.042271+09:00,2026-08-26,14:24,009150,삼성전기,KR,1338000.0000,-1.7621
2026-08-26T14:24:38.042271+09:00,2026-08-26,14:24,005380,현대차,KR,413000.0000,-1.9002
2026-08-26T14:24:38.042271+09:00,2026-08-26,14:24,035420,네이버,KR,219500.0000,-0.4535
2026-08-26T14:24:38.042271+09:00,2026-08-26,14:24,302440,SK바이오사이언스,KR,37950.0000,1.0652
2026-08-26T14:24:38.042271+09:00,2026-08-26,14:24,475230,엔알비,KR,9830.0000,7.3144
2026-08-26T14:24:38.042271+09:00,2026-08-26,14:24,220100,퓨쳐켐,KR,8540.0000,-0.2336
2026-08-27T12:00:40.308396+09:00,2026-08-27,12:00,AAPL,애플,US,313.4500,1.1455
2026-08-27T12:00:40.308396+09:00,2026-08-27,12:00,MSFT,마이크로소프트,US,496.3700,0.9477
2026-08-27T12:00:40.308396+09:00,2026-08-27,12:00,GOOGL,알파벳,US,342.0000,-1.4296
2026-08-27T12:00:40.308396+09:00,2026-08-27,12:00,AMZN,아마존,US,260.2800,-0.2988
2026-08-27T12:00:40.308396+09:00,2026-08-27,12:00,META,메타,US,576.1400,1.0683
2026-08-27T12:00:40.308396+09:00,2026-08-27,12:00,NVDA,엔비디아,US,209.6600,-1.5912
2026-08-27T12:00:40.308396+09:00,2026-08-27,12:00,TSLA,테슬라,US,345.8200,-1.2648
2026-08-27T12:00:40.308396+09:00,2026-08-27,12:00,PLTR,팔란티어,US,177.5000,2.7615
2026-08-27T12:00:40.308396+09:00,2026-08-27,12:00,SPCX,스페이스X,US,139.6300,1.2178
2026-08-27T12:00:40.308396+09:00,2026-08-27,12:00,GEV,GE베르노바,US,953.0900,2.8444
2026-08-27T12:00:40.308396+09:00,2026-08-27,12:00,BE,블룸에너지,US,218.2100,0.3495
2026-08-27T12:00:40.308396+09:00,2026-08-27,12:00,034020,두산에너빌리티,KR,87000.0000,1.3986
2026-08-27T12:00:40.308396+09:00,2026-08-27,12:00,015760,한국전력,KR,33400.0000,-4.0230
2026-08-27T12:00:40.308396+09:00,2026-08-27,12:00,005930,삼성전자,KR,268250.0000,2.5813
2026-08-27T12:00:40.308396+09:00,2026-08-27,12:00,000660,SK하이닉스,KR,1753000.0000,3.8507
2026-08-27T12:00:40.308396+09:00,2026-08-27,12:00,066570,LG전자,KR,201000.0000,0.2494
2026-08-27T12:00:40.308396+09:00,2026-08-27,12:00,009150,삼성전기,KR,1385000.0000,4.1353
2026-08-27T12:00:40.308396+09:00,2026-08-27,12:00,005380,현대차,KR,401000.0000,-1.7157
2026-08-27T12:00:40.308396+09:00,2026-08-27,12:00,035420,네이버,KR,218000.0000,-0.9091
2026-08-27T12:00:40.308396+09:00,2026-08-27,12:00,302440,SK바이오사이언스,KR,38450.0000,0.9186
2026-08-27T12:00:40.308396+09:00,2026-08-27,12:00,475230,엔알비,KR,11020.0000,11.0887
2026-08-27T12:00:40.308396+09:00,2026-08-27,12:00,220100,퓨쳐켐,KR,8470.0000,-0.9357
2026-08-28T00:59:55.914255+09:00,2026-08-28,00:59,AAPL,애플,US,314.8300,0.4403
2026-08-28T00:59:55.914255+09:00,2026-08-28,00:59,MSFT,마이크로소프트,US,499.4200,0.6145
2026-08-28T00:59:55.914255+09:00,2026-08-28,00:59,GOOGL,알파벳,US,340.5850,-0.4137
2026-08-28T00:59:55.914255+09:00,2026-08-28,00:59,AMZN,아마존,US,256.3450,-1.5118
2026-08-28T00:59:55.914255+09:00,2026-08-28,00:59,META,메타,US,573.1100,-0.5259
2026-08-28T00:59:55.914255+09:00,2026-08-28,00:59,NVDA,엔비디아,US,226.2000,7.8890
2026-08-28T00:59:55.914255+09:00,2026-08-28,00:59,TSLA,테슬라,US,352.5348,1.9417
2026-08-28T00:59:55.914255+09:00,2026-08-28,00:59,PLTR,팔란티어,US,186.0250,4.8028
2026-08-28T00:59:55.914255+09:00,2026-08-28,00:59,SPCX,스페이스X,US,141.2150,1.1351
2026-08-28T00:59:55.914255+09:00,2026-08-28,00:59,GEV,GE베르노바,US,945.9500,-0.7491
2026-08-28T00:59:55.914255+09:00,2026-08-28,00:59,BE,블룸에너지,US,219.8250,0.7401
2026-08-28T00:59:55.914255+09:00,2026-08-28,00:59,034020,두산에너빌리티,KR,85900.0000,0.1166
2026-08-28T00:59:55.914255+09:00,2026-08-28,00:59,015760,한국전력,KR,33950.0000,-2.4425
2026-08-28T00:59:55.914255+09:00,2026-08-28,00:59,005930,삼성전자,KR,266000.0000,1.7208
2026-08-28T00:59:55.914255+09:00,2026-08-28,00:59,000660,SK하이닉스,KR,1730000.0000,2.4882
2026-08-28T00:59:55.914255+09:00,2026-08-28,00:59,066570,LG전자,KR,198300.0000,-1.0973
2026-08-28T00:59:55.914255+09:00,2026-08-28,00:59,009150,삼성전기,KR,1385000.0000,4.1353
2026-08-28T00:59:55.914255+09:00,2026-08-28,00:59,005380,현대차,KR,398000.0000,-2.4510
2026-08-28T00:59:55.914255+09:00,2026-08-28,00:59,035420,네이버,KR,216500.0000,-1.5909
2026-08-28T00:59:55.914255+09:00,2026-08-28,00:59,302440,SK바이오사이언스,KR,38450.0000,0.9186
2026-08-28T00:59:55.914255+09:00,2026-08-28,00:59,475230,엔알비,KR,10860.0000,9.4758
2026-08-28T00:59:55.914255+09:00,2026-08-28,00:59,220100,퓨쳐켐,KR,8380.0000,-1.9883
2026-08-28T15:01:03.037906+09:00,2026-08-28,15:01,AAPL,애플,US,314.5800,0.3605
2026-08-28T15:01:03.037906+09:00,2026-08-28,15:01,MSFT,마이크로소프트,US,505.0600,1.7507
2026-08-28T15:01:03.037906+09:00,2026-08-28,15:01,GOOGL,알파벳,US,340.6500,-0.3947
2026-08-28T15:01:03.037906+09:00,2026-08-28,15:01,AMZN,아마존,US,256.2600,-1.5445
2026-08-28T15:01:03.037906+09:00,2026-08-28,15:01,META,메타,US,571.1000,-0.8748
2026-08-28T15:01:03.037906+09:00,2026-08-28,15:01,NVDA,엔비디아,US,227.9800,8.7380
2026-08-28T15:01:03.037906+09:00,2026-08-28,15:01,TSLA,테슬라,US,354.8100,2.5996
2026-08-28T15:01:03.037906+09:00,2026-08-28,15:01,PLTR,팔란티어,US,185.9300,4.7493
2026-08-28T15:01:03.037906+09:00,2026-08-28,15:01,SPCX,스페이스X,US,140.8700,0.8881
2026-08-28T15:01:03.037906+09:00,2026-08-28,15:01,GEV,GE베르노바,US,953.8300,0.0776
2026-08-28T15:01:03.037906+09:00,2026-08-28,15:01,BE,블룸에너지,US,217.8300,-0.1741
2026-08-28T15:01:03.037906+09:00,2026-08-28,15:01,034020,두산에너빌리티,KR,88600.0000,3.1432
2026-08-28T15:01:03.037906+09:00,2026-08-28,15:01,015760,한국전력,KR,32450.0000,-4.4183
2026-08-28T15:01:03.037906+09:00,2026-08-28,15:01,005930,삼성전자,KR,256500.0000,-3.5714
2026-08-28T15:01:03.037906+09:00,2026-08-28,15:01,000660,SK하이닉스,KR,1674000.0000,-3.2370
2026-08-28T15:01:03.037906+09:00,2026-08-28,15:01,066570,LG전자,KR,200500.0000,1.1094
2026-08-28T15:01:03.037906+09:00,2026-08-28,15:01,009150,삼성전기,KR,1419000.0000,2.4549
2026-08-28T15:01:03.037906+09:00,2026-08-28,15:01,005380,현대차,KR,398000.0000,0.0000
2026-08-28T15:01:03.037906+09:00,2026-08-28,15:01,035420,네이버,KR,219500.0000,1.3857
2026-08-28T15:01:03.037906+09:00,2026-08-28,15:01,302440,SK바이오사이언스,KR,38600.0000,0.3901
2026-08-28T15:01:03.037906+09:00,2026-08-28,15:01,475230,엔알비,KR,10570.0000,-2.6703
2026-08-28T15:01:03.037906+09:00,2026-08-28,15:01,220100,퓨쳐켐,KR,8180.0000,-2.3866
2026-08-29T01:59:40.213221+09:00,2026-08-29,01:59,AAPL,애플,US,320.9600,2.0281
2026-08-29T01:59:40.213221+09:00,2026-08-29,01:59,MSFT,마이크로소프트,US,517.1166,2.3872
2026-08-29T01:59:40.213221+09:00,2026-08-29,01:59,GOOGL,알파벳,US,345.5600,1.4414
2026-08-29T01:59:40.213221+09:00,2026-08-29,01:59,AMZN,아마존,US,265.2750,3.5179
2026-08-29T01:59:40.213221+09:00,2026-08-29,01:59,META,메타,US,575.2100,0.7197
2026-08-29T01:59:40.213221+09:00,2026-08-29,01:59,NVDA,엔비디아,US,219.8574,-3.5629
2026-08-29T01:59:40.213221+09:00,2026-08-29,01:59,TSLA,테슬라,US,347.1300,-2.1645
2026-08-29T01:59:40.213221+09:00,2026-08-29,01:59,PLTR,팔란티어,US,186.0500,0.0645
2026-08-29T01:59:40.213221+09:00,2026-08-29,01:59,SPCX,스페이스X,US,139.6099,-0.8945
2026-08-29T01:59:40.213221+09:00,2026-08-29,01:59,GEV,GE베르노바,US,918.7700,-3.6757
2026-08-29T01:59:40.213221+09:00,2026-08-29,01:59,BE,블룸에너지,US,212.4300,-2.4790
2026-08-29T01:59:40.213221+09:00,2026-08-29,01:59,034020,두산에너빌리티,KR,88200.0000,2.6775
2026-08-29T01:59:40.213221+09:00,2026-08-29,01:59,015760,한국전력,KR,32550.0000,-4.1237
2026-08-29T01:59:40.213221+09:00,2026-08-29,01:59,005930,삼성전자,KR,257000.0000,-3.3835
2026-08-29T01:59:40.213221+09:00,2026-08-29,01:59,000660,SK하이닉스,KR,1653000.0000,-4.4509
2026-08-29T01:59:40.213221+09:00,2026-08-29,01:59,066570,LG전자,KR,201500.0000,1.6137
2026-08-29T01:59:40.213221+09:00,2026-08-29,01:59,009150,삼성전기,KR,1421000.0000,2.5993
2026-08-29T01:59:40.213221+09:00,2026-08-29,01:59,005380,현대차,KR,399500.0000,0.3769
2026-08-29T01:59:40.213221+09:00,2026-08-29,01:59,035420,네이버,KR,220500.0000,1.8476
2026-08-29T01:59:40.213221+09:00,2026-08-29,01:59,302440,SK바이오사이언스,KR,38950.0000,1.3004
2026-08-29T01:59:40.213221+09:00,2026-08-29,01:59,475230,엔알비,KR,10790.0000,-0.6446
2026-08-29T01:59:40.213221+09:00,2026-08-29,01:59,220100,퓨쳐켐,KR,8180.0000,-2.3866
2026-08-31T09:17:32.658559+09:00,2026-08-31,09:17,AAPL,애플,US,319.7000,1.6276
2026-08-31T09:17:32.658559+09:00,2026-08-31,09:17,MSFT,마이크로소프트,US,513.5300,1.6770
2026-08-31T09:17:32.658559+09:00,2026-08-31,09:17,GOOGL,알파벳,US,346.5900,1.7437
2026-08-31T09:17:32.658559+09:00,2026-08-31,09:17,AMZN,아마존,US,266.4300,3.9686
2026-08-31T09:17:32.658559+09:00,2026-08-31,09:17,META,메타,US,578.0200,1.2117
2026-08-31T09:17:32.658559+09:00,2026-08-31,09:17,NVDA,엔비디아,US,217.5500,-4.5750
2026-08-31T09:17:32.658559+09:00,2026-08-31,09:17,TSLA,테슬라,US,348.7500,-1.7080
2026-08-31T09:17:32.658559+09:00,2026-08-31,09:17,PLTR,팔란티어,US,186.2900,0.1936
2026-08-31T09:17:32.658559+09:00,2026-08-31,09:17,SPCX,스페이스X,US,141.5000,0.4472
2026-08-31T09:17:32.658559+09:00,2026-08-31,09:17,GEV,GE베르노바,US,911.9300,-4.3928
2026-08-31T09:17:32.658559+09:00,2026-08-31,09:17,BE,블룸에너지,US,210.7700,-3.2411
2026-08-31T09:17:32.658559+09:00,2026-08-31,09:17,034020,두산에너빌리티,KR,84400.0000,-4.3084
2026-08-31T09:17:32.658559+09:00,2026-08-31,09:17,015760,한국전력,KR,31750.0000,-2.4578
2026-08-31T09:17:32.658559+09:00,2026-08-31,09:17,005930,삼성전자,KR,249500.0000,-2.9183
2026-08-31T09:17:32.658559+09:00,2026-08-31,09:17,000660,SK하이닉스,KR,1607000.0000,-2.7828
2026-08-31T09:17:32.658559+09:00,2026-08-31,09:17,066570,LG전자,KR,198300.0000,-1.5881
2026-08-31T09:17:32.658559+09:00,2026-08-31,09:17,009150,삼성전기,KR,1375000.0000,-3.2372
2026-08-31T09:17:32.658559+09:00,2026-08-31,09:17,005380,현대차,KR,395000.0000,-1.1264
2026-08-31T09:17:32.658559+09:00,2026-08-31,09:17,035420,네이버,KR,213000.0000,-3.4014
2026-08-31T09:17:32.658559+09:00,2026-08-31,09:17,302440,SK바이오사이언스,KR,37850.0000,-2.8241
2026-08-31T09:17:32.658559+09:00,2026-08-31,09:17,475230,엔알비,KR,10340.0000,-4.1705
2026-08-31T09:17:32.658559+09:00,2026-08-31,09:17,220100,퓨쳐켐,KR,8020.0000,-1.9560
2026-08-31T20:14:49.279249+09:00,2026-08-31,20:14,AAPL,애플,US,319.7000,1.6276
2026-08-31T20:14:49.279249+09:00,2026-08-31,20:14,MSFT,마이크로소프트,US,513.5300,1.6770
2026-08-31T20:14:49.279249+09:00,2026-08-31,20:14,GOOGL,알파벳,US,346.5900,1.7437
2026-08-31T20:14:49.279249+09:00,2026-08-31,20:14,AMZN,아마존,US,266.4300,3.9686
2026-08-31T20:14:49.279249+09:00,2026-08-31,20:14,META,메타,US,578.0200,1.2117
2026-08-31T20:14:49.279249+09:00,2026-08-31,20:14,NVDA,엔비디아,US,217.5500,-4.5750
2026-08-31T20:14:49.279249+09:00,2026-08-31,20:14,TSLA,테슬라,US,348.7500,-1.7080
2026-08-31T20:14:49.279249+09:00,2026-08-31,20:14,PLTR,팔란티어,US,186.2900,0.1936
2026-08-31T20:14:49.279249+09:00,2026-08-31,20:14,SPCX,스페이스X,US,141.5000,0.4472
2026-08-31T20:14:49.279249+09:00,2026-08-31,20:14,GEV,GE베르노바,US,911.9300,-4.3928
2026-08-31T20:14:49.279249+09:00,2026-08-31,20:14,BE,블룸에너지,US,210.7700,-3.2411
2026-08-31T20:14:49.279249+09:00,2026-08-31,20:14,034020,두산에너빌리티,KR,82500.0000,-6.4626
2026-08-31T20:14:49.279249+09:00,2026-08-31,20:14,015760,한국전력,KR,31900.0000,-1.9969
2026-08-31T20:14:49.279249+09:00,2026-08-31,20:14,005930,삼성전자,KR,260000.0000,1.1673
2026-08-31T20:14:49.279249+09:00,2026-08-31,20:14,000660,SK하이닉스,KR,1674000.0000,1.2704
2026-08-31T20:14:49.279249+09:00,2026-08-31,20:14,066570,LG전자,KR,216500.0000,7.4442
2026-08-31T20:14:49.279249+09:00,2026-08-31,20:14,009150,삼성전기,KR,1458000.0000,2.6038
2026-08-31T20:14:49.279249+09:00,2026-08-31,20:14,005380,현대차,KR,403500.0000,1.0013
2026-08-31T20:14:49.279249+09:00,2026-08-31,20:14,035420,네이버,KR,217000.0000,-1.5873
2026-08-31T20:14:49.279249+09:00,2026-08-31,20:14,302440,SK바이오사이언스,KR,38400.0000,-1.4121
2026-08-31T20:14:49.279249+09:00,2026-08-31,20:14,475230,엔알비,KR,10640.0000,-1.3902
2026-08-31T20:14:49.279249+09:00,2026-08-31,20:14,220100,퓨쳐켐,KR,7870.0000,-3.7897
2026-09-01T10:05:55.835533+09:00,2026-09-01,10:05,AAPL,애플,US,316.8500,-0.8915
2026-09-01T10:05:55.835533+09:00,2026-09-01,10:05,MSFT,마이크로소프트,US,507.2900,-1.2151
2026-09-01T10:05:55.835533+09:00,2026-09-01,10:05,GOOGL,알파벳,US,339.3500,-2.0889
2026-09-01T10:05:55.835533+09:00,2026-09-01,10:05,AMZN,아마존,US,259.7700,-2.4997
2026-09-01T10:05:55.835533+09:00,2026-09-01,10:05,META,메타,US,572.3400,-0.9827
2026-09-01T10:05:55.835533+09:00,2026-09-01,10:05,NVDA,엔비디아,US,220.7800,1.4847
2026-09-01T10:05:55.835533+09:00,2026-09-01,10:05,TSLA,테슬라,US,367.9500,5.5054
2026-09-01T10:05:55.835533+09:00,2026-09-01,10:05,PLTR,팔란티어,US,186.3800,0.0483
2026-09-01T10:05:55.835533+09:00,2026-09-01,10:05,SPCX,스페이스X,US,143.6900,1.5477
2026-09-01T10:05:55.835533+09:00,2026-09-01,10:05,GEV,GE베르노바,US,898.5300,-1.4694
2026-09-01T10:05:55.835533+09:00,2026-09-01,10:05,BE,블룸에너지,US,206.3000,-2.1208
2026-09-01T10:05:55.835533+09:00,2026-09-01,10:05,034020,두산에너빌리티,KR,81500.0000,-1.2121
2026-09-01T10:05:55.835533+09:00,2026-09-01,10:05,015760,한국전력,KR,32150.0000,0.7837
2026-09-01T10:05:55.835533+09:00,2026-09-01,10:05,005930,삼성전자,KR,260500.0000,0.1923
2026-09-01T10:05:55.835533+09:00,2026-09-01,10:05,000660,SK하이닉스,KR,1703500.0000,1.7622
2026-09-01T10:05:55.835533+09:00,2026-09-01,10:05,066570,LG전자,KR,207000.0000,-4.3880
2026-09-01T10:05:55.835533+09:00,2026-09-01,10:05,009150,삼성전기,KR,1460000.0000,0.1372
2026-09-01T10:05:55.835533+09:00,2026-09-01,10:05,005380,현대차,KR,400000.0000,-0.8674
2026-09-01T10:05:55.835533+09:00,2026-09-01,10:05,035420,네이버,KR,217500.0000,0.2304
2026-09-01T10:05:55.835533+09:00,2026-09-01,10:05,302440,SK바이오사이언스,KR,38350.0000,-0.1302
2026-09-01T10:05:55.835533+09:00,2026-09-01,10:05,475230,엔알비,KR,10340.0000,-2.8195
2026-09-01T10:05:55.835533+09:00,2026-09-01,10:05,220100,퓨쳐켐,KR,7920.0000,0.6353
2026-09-01T18:40:05.696608+09:00,2026-09-01,18:40,AAPL,애플,US,316.8500,-0.8915
2026-09-01T18:40:05.696608+09:00,2026-09-01,18:40,MSFT,마이크로소프트,US,507.2900,-1.2151
2026-09-01T18:40:05.696608+09:00,2026-09-01,18:40,GOOGL,알파벳,US,339.3500,-2.0889
2026-09-01T18:40:05.696608+09:00,2026-09-01,18:40,AMZN,아마존,US,259.7700,-2.4997
2026-09-01T18:40:05.696608+09:00,2026-09-01,18:40,META,메타,US,572.3400,-0.9827
2026-09-01T18:40:05.696608+09:00,2026-09-01,18:40,NVDA,엔비디아,US,220.7800,1.4847
2026-09-01T18:40:05.696608+09:00,2026-09-01,18:40,TSLA,테슬라,US,367.9500,5.5054
2026-09-01T18:40:05.696608+09:00,2026-09-01,18:40,PLTR,팔란티어,US,186.3800,0.0483
2026-09-01T18:40:05.696608+09:00,2026-09-01,18:40,SPCX,스페이스X,US,143.6900,1.5477
2026-09-01T18:40:05.696608+09:00,2026-09-01,18:40,GEV,GE베르노바,US,898.5300,-1.4694
2026-09-01T18:40:05.696608+09:00,2026-09-01,18:40,BE,블룸에너지,US,206.3000,-2.1208
2026-09-01T18:40:05.696608+09:00,2026-09-01,18:40,034020,두산에너빌리티,KR,81400.0000,-1.3333
2026-09-01T18:40:05.696608+09:00,2026-09-01,18:40,015760,한국전력,KR,32350.0000,1.4107
2026-09-01T18:40:05.696608+09:00,2026-09-01,18:40,005930,삼성전자,KR,261000.0000,0.3846
2026-09-01T18:40:05.696608+09:00,2026-09-01,18:40,000660,SK하이닉스,KR,1693000.0000,1.1350
2026-09-01T18:40:05.696608+09:00,2026-09-01,18:40,066570,LG전자,KR,206500.0000,-4.6189
2026-09-01T18:40:05.696608+09:00,2026-09-01,18:40,009150,삼성전기,KR,1430000.0000,-1.9204
2026-09-01T18:40:05.696608+09:00,2026-09-01,18:40,005380,현대차,KR,400500.0000,-0.7435
2026-09-01T18:40:05.696608+09:00,2026-09-01,18:40,035420,네이버,KR,215000.0000,-0.9217
2026-09-01T18:40:05.696608+09:00,2026-09-01,18:40,302440,SK바이오사이언스,KR,38350.0000,-0.1302
2026-09-01T18:40:05.696608+09:00,2026-09-01,18:40,475230,엔알비,KR,10100.0000,-5.0752
2026-09-01T18:40:05.696608+09:00,2026-09-01,18:40,220100,퓨쳐켐,KR,8240.0000,4.7014
2026-09-02T08:53:11.862758+09:00,2026-09-02,08:53,AAPL,애플,US,325.1300,2.6132
2026-09-02T08:53:11.862758+09:00,2026-09-02,08:53,MSFT,마이크로소프트,US,501.0200,-1.2360
2026-09-02T08:53:11.862758+09:00,2026-09-02,08:53,GOOGL,알파벳,US,335.0200,-1.2760
2026-09-02T08:53:11.862758+09:00,2026-09-02,08:53,AMZN,아마존,US,254.9200,-1.8670
2026-09-02T08:53:11.862758+09:00,2026-09-02,08:53,META,메타,US,578.5400,1.0833
2026-09-02T08:53:11.862758+09:00,2026-09-02,08:53,NVDA,엔비디아,US,217.4400,-1.5128
2026-09-02T08:53:11.862758+09:00,2026-09-02,08:53,TSLA,테슬라,US,356.0900,-3.2233
2026-09-02T08:53:11.862758+09:00,2026-09-02,08:53,PLTR,팔란티어,US,179.9200,-3.4660
2026-09-02T08:53:11.862758+09:00,2026-09-02,08:53,SPCX,스페이스X,US,142.2300,-1.0161
2026-09-02T08:53:11.862758+09:00,2026-09-02,08:53,GEV,GE베르노바,US,898.5300,0.0000
2026-09-02T08:53:11.862758+09:00,2026-09-02,08:53,BE,블룸에너지,US,213.6300,3.5531
2026-09-02T08:53:11.862758+09:00,2026-09-02,08:53,034020,두산에너빌리티,KR,81400.0000,-1.3333
2026-09-02T08:53:11.862758+09:00,2026-09-02,08:53,015760,한국전력,KR,32350.0000,1.4107
2026-09-02T08:53:11.862758+09:00,2026-09-02,08:53,005930,삼성전자,KR,261000.0000,0.3846
2026-09-02T08:53:11.862758+09:00,2026-09-02,08:53,000660,SK하이닉스,KR,1693000.0000,1.1350
2026-09-02T08:53:11.862758+09:00,2026-09-02,08:53,066570,LG전자,KR,206500.0000,-4.6189
2026-09-02T08:53:11.862758+09:00,2026-09-02,08:53,009150,삼성전기,KR,1430000.0000,-1.9204
2026-09-02T08:53:11.862758+09:00,2026-09-02,08:53,005380,현대차,KR,400500.0000,-0.7435
2026-09-02T08:53:11.862758+09:00,2026-09-02,08:53,035420,네이버,KR,215000.0000,-0.9217
2026-09-02T08:53:11.862758+09:00,2026-09-02,08:53,302440,SK바이오사이언스,KR,38350.0000,-0.1302
2026-09-02T08:53:11.862758+09:00,2026-09-02,08:53,475230,엔알비,KR,10100.0000,-5.0752
2026-09-02T08:53:11.862758+09:00,2026-09-02,08:53,220100,퓨쳐켐,KR,8240.0000,4.7014
2026-09-02T18:11:42.487560+09:00,2026-09-02,18:11,AAPL,애플,US,325.1300,2.6132
2026-09-02T18:11:42.487560+09:00,2026-09-02,18:11,MSFT,마이크로소프트,US,501.0200,-1.2360
2026-09-02T18:11:42.487560+09:00,2026-09-02,18:11,GOOGL,알파벳,US,335.0200,-1.2760
2026-09-02T18:11:42.487560+09:00,2026-09-02,18:11,AMZN,아마존,US,254.9200,-1.8670
2026-09-02T18:11:42.487560+09:00,2026-09-02,18:11,META,메타,US,578.5400,1.0833
2026-09-02T18:11:42.487560+09:00,2026-09-02,18:11,NVDA,엔비디아,US,217.4400,-1.5128
2026-09-02T18:11:42.487560+09:00,2026-09-02,18:11,TSLA,테슬라,US,356.0900,-3.2233
2026-09-02T18:11:42.487560+09:00,2026-09-02,18:11,PLTR,팔란티어,US,179.9200,-3.4660
2026-09-02T18:11:42.487560+09:00,2026-09-02,18:11,SPCX,스페이스X,US,142.2300,-1.0161
2026-09-02T18:11:42.487560+09:00,2026-09-02,18:11,GEV,GE베르노바,US,898.5300,0.0000
2026-09-02T18:11:42.487560+09:00,2026-09-02,18:11,BE,블룸에너지,US,213.6300,3.5531
2026-09-02T18:11:42.487560+09:00,2026-09-02,18:11,034020,두산에너빌리티,KR,76600.0000,-5.8968
2026-09-02T18:11:42.487560+09:00,2026-09-02,18:11,015760,한국전력,KR,31250.0000,-3.4003
2026-09-02T18:11:42.487560+09:00,2026-09-02,18:11,005930,삼성전자,KR,250500.0000,-4.0230
2026-09-02T18:11:42.487560+09:00,2026-09-02,18:11,000660,SK하이닉스,KR,1613000.0000,-4.7253
2026-09-02T18:11:42.487560+09:00,2026-09-02,18:11,066570,LG전자,KR,200500.0000,-2.9056
2026-09-02T18:11:42.487560+09:00,2026-09-02,18:11,009150,삼성전기,KR,1400000.0000,-2.0979
2026-09-02T18:11:42.487560+09:00,2026-09-02,18:11,005380,현대차,KR,378000.0000,-5.6180
2026-09-02T18:11:42.487560+09:00,2026-09-02,18:11,035420,네이버,KR,209000.0000,-2.7907
2026-09-02T18:11:42.487560+09:00,2026-09-02,18:11,302440,SK바이오사이언스,KR,37450.0000,-2.3468
2026-09-02T18:11:42.487560+09:00,2026-09-02,18:11,475230,엔알비,KR,9980.0000,-1.1881
2026-09-02T18:11:42.487560+09:00,2026-09-02,18:11,220100,퓨쳐켐,KR,7970.0000,-3.2767
2026-09-03T08:54:58.519595+09:00,2026-09-03,08:54,AAPL,애플,US,324.9600,-0.0523
2026-09-03T08:54:58.519595+09:00,2026-09-03,08:54,MSFT,마이크로소프트,US,496.8200,-0.8383
2026-09-03T08:54:58.519595+09:00,2026-09-03,08:54,GOOGL,알파벳,US,337.1200,0.6268
2026-09-03T08:54:58.519595+09:00,2026-09-03,08:54,AMZN,아마존,US,254.9800,0.0235
2026-09-03T08:54:58.519595+09:00,2026-09-03,08:54,META,메타,US,592.8500,2.4735
2026-09-03T08:54:58.519595+09:00,2026-09-03,08:54,NVDA,엔비디아,US,224.4100,3.2055
2026-09-03T08:54:58.519595+09:00,2026-09-03,08:54,TSLA,테슬라,US,357.0100,0.2584
2026-09-03T08:54:58.519595+09:00,2026-09-03,08:54,PLTR,팔란티어,US,169.4600,-5.8137
2026-09-03T08:54:58.519595+09:00,2026-09-03,08:54,SPCX,스페이스X,US,140.7100,-1.0687
2026-09-03T08:54:58.519595+09:00,2026-09-03,08:54,GEV,GE베르노바,US,921.9400,2.6054
2026-09-03T08:54:58.519595+09:00,2026-09-03,08:54,BE,블룸에너지,US,217.2800,1.7086
2026-09-03T08:54:58.519595+09:00,2026-09-03,08:54,034020,두산에너빌리티,KR,76600.0000,-5.8968
2026-09-03T08:54:58.519595+09:00,2026-09-03,08:54,015760,한국전력,KR,31250.0000,-3.4003
2026-09-03T08:54:58.519595+09:00,2026-09-03,08:54,005930,삼성전자,KR,250500.0000,-4.0230
2026-09-03T08:54:58.519595+09:00,2026-09-03,08:54,000660,SK하이닉스,KR,1613000.0000,-4.7253
2026-09-03T08:54:58.519595+09:00,2026-09-03,08:54,066570,LG전자,KR,200500.0000,-2.9056
2026-09-03T08:54:58.519595+09:00,2026-09-03,08:54,009150,삼성전기,KR,1400000.0000,-2.0979
2026-09-03T08:54:58.519595+09:00,2026-09-03,08:54,005380,현대차,KR,378000.0000,-5.6180
2026-09-03T08:54:58.519595+09:00,2026-09-03,08:54,035420,네이버,KR,209000.0000,-2.7907
2026-09-03T08:54:58.519595+09:00,2026-09-03,08:54,302440,SK바이오사이언스,KR,37450.0000,-2.3468
2026-09-03T08:54:58.519595+09:00,2026-09-03,08:54,475230,엔알비,KR,9980.0000,-1.1881
2026-09-03T08:54:58.519595+09:00,2026-09-03,08:54,220100,퓨쳐켐,KR,7970.0000,-3.2767
2026-09-03T18:18:28.448788+09:00,2026-09-03,18:18,AAPL,애플,US,324.9600,-0.0523
2026-09-03T18:18:28.448788+09:00,2026-09-03,18:18,MSFT,마이크로소프트,US,496.8200,-0.8383
2026-09-03T18:18:28.448788+09:00,2026-09-03,18:18,GOOGL,알파벳,US,337.1200,0.6268
2026-09-03T18:18:28.448788+09:00,2026-09-03,18:18,AMZN,아마존,US,254.9800,0.0235
2026-09-03T18:18:28.448788+09:00,2026-09-03,18:18,META,메타,US,592.8500,2.4735
2026-09-03T18:18:28.448788+09:00,2026-09-03,18:18,NVDA,엔비디아,US,224.4100,3.2055
2026-09-03T18:18:28.448788+09:00,2026-09-03,18:18,TSLA,테슬라,US,357.0100,0.2584
2026-09-03T18:18:28.448788+09:00,2026-09-03,18:18,PLTR,팔란티어,US,169.4600,-5.8137
2026-09-03T18:18:28.448788+09:00,2026-09-03,18:18,SPCX,스페이스X,US,140.7100,-1.0687
2026-09-03T18:18:28.448788+09:00,2026-09-03,18:18,GEV,GE베르노바,US,921.9400,2.6054
2026-09-03T18:18:28.448788+09:00,2026-09-03,18:18,BE,블룸에너지,US,217.2800,1.7086
2026-09-03T18:18:28.448788+09:00,2026-09-03,18:18,034020,두산에너빌리티,KR,79200.0000,3.3943
2026-09-03T18:18:28.448788+09:00,2026-09-03,18:18,015760,한국전력,KR,32450.0000,3.8400
2026-09-03T18:18:28.448788+09:00,2026-09-03,18:18,005930,삼성전자,KR,250000.0000,-0.1996
2026-09-03T18:18:28.448788+09:00,2026-09-03,18:18,000660,SK하이닉스,KR,1596000.0000,-1.0539
2026-09-03T18:18:28.448788+09:00,2026-09-03,18:18,066570,LG전자,KR,199700.0000,-0.3990
2026-09-03T18:18:28.448788+09:00,2026-09-03,18:18,009150,삼성전기,KR,1348000.0000,-3.7143
2026-09-03T18:18:28.448788+09:00,2026-09-03,18:18,005380,현대차,KR,383500.0000,1.4550
2026-09-03T18:18:28.448788+09:00,2026-09-03,18:18,035420,네이버,KR,207500.0000,-0.7177
2026-09-03T18:18:28.448788+09:00,2026-09-03,18:18,302440,SK바이오사이언스,KR,37750.0000,0.8011
2026-09-03T18:18:28.448788+09:00,2026-09-03,18:18,475230,엔알비,KR,9790.0000,-1.9038
2026-09-03T18:18:28.448788+09:00,2026-09-03,18:18,220100,퓨쳐켐,KR,7860.0000,-1.3802
2026-09-04T08:52:02.118266+09:00,2026-09-04,08:52,AAPL,애플,US,328.2100,1.0001
2026-09-04T08:52:02.118266+09:00,2026-09-04,08:52,MSFT,마이크로소프트,US,510.1200,2.6770
2026-09-04T08:52:02.118266+09:00,2026-09-04,08:52,GOOGL,알파벳,US,342.4800,1.5899
2026-09-04T08:52:02.118266+09:00,2026-09-04,08:52,AMZN,아마존,US,258.9000,1.5374
2026-09-04T08:52:02.118266+09:00,2026-09-04,08:52,META,메타,US,610.6800,3.0075
2026-09-04T08:52:02.118266+09:00,2026-09-04,08:52,NVDA,엔비디아,US,228.4500,1.8003
2026-09-04T08:52:02.118266+09:00,2026-09-04,08:52,TSLA,테슬라,US,376.3650,5.4214
2026-09-04T08:52:02.118266+09:00,2026-09-04,08:52,PLTR,팔란티어,US,182.5300,7.7127
2026-09-04T08:52:02.118266+09:00,2026-09-04,08:52,SPCX,스페이스X,US,149.7400,6.4175
2026-09-04T08:52:02.118266+09:00,2026-09-04,08:52,GEV,GE베르노바,US,941.8400,2.1585
2026-09-04T08:52:02.118266+09:00,2026-09-04,08:52,BE,블룸에너지,US,235.5500,8.4085
2026-09-04T08:52:02.118266+09:00,2026-09-04,08:52,034020,두산에너빌리티,KR,79200.0000,3.3943
2026-09-04T08:52:02.118266+09:00,2026-09-04,08:52,015760,한국전력,KR,32450.0000,3.8400
2026-09-04T08:52:02.118266+09:00,2026-09-04,08:52,005930,삼성전자,KR,250000.0000,-0.1996
2026-09-04T08:52:02.118266+09:00,2026-09-04,08:52,000660,SK하이닉스,KR,1596000.0000,-1.0539
2026-09-04T08:52:02.118266+09:00,2026-09-04,08:52,066570,LG전자,KR,199700.0000,-0.3990
2026-09-04T08:52:02.118266+09:00,2026-09-04,08:52,009150,삼성전기,KR,1348000.0000,-3.7143
2026-09-04T08:52:02.118266+09:00,2026-09-04,08:52,005380,현대차,KR,383500.0000,1.4550
2026-09-04T08:52:02.118266+09:00,2026-09-04,08:52,035420,네이버,KR,207500.0000,-0.7177
2026-09-04T08:52:02.118266+09:00,2026-09-04,08:52,302440,SK바이오사이언스,KR,37750.0000,0.8011
2026-09-04T08:52:02.118266+09:00,2026-09-04,08:52,475230,엔알비,KR,9790.0000,-1.9038
2026-09-04T08:52:02.118266+09:00,2026-09-04,08:52,220100,퓨쳐켐,KR,7860.0000,-1.3802
2026-09-04T18:12:10.082826+09:00,2026-09-04,18:12,AAPL,애플,US,328.2100,1.0001
2026-09-04T18:12:10.082826+09:00,2026-09-04,18:12,MSFT,마이크로소프트,US,510.1200,2.6770
2026-09-04T18:12:10.082826+09:00,2026-09-04,18:12,GOOGL,알파벳,US,342.4800,1.5899
2026-09-04T18:12:10.082826+09:00,2026-09-04,18:12,AMZN,아마존,US,258.9000,1.5374
2026-09-04T18:12:10.082826+09:00,2026-09-04,18:12,META,메타,US,610.6800,3.0075
2026-09-04T18:12:10.082826+09:00,2026-09-04,18:12,NVDA,엔비디아,US,228.4500,1.8003
2026-09-04T18:12:10.082826+09:00,2026-09-04,18:12,TSLA,테슬라,US,376.3700,5.4228
2026-09-04T18:12:10.082826+09:00,2026-09-04,18:12,PLTR,팔란티어,US,182.5300,7.7127
2026-09-04T18:12:10.082826+09:00,2026-09-04,18:12,SPCX,스페이스X,US,149.7400,6.4175
2026-09-04T18:12:10.082826+09:00,2026-09-04,18:12,GEV,GE베르노바,US,941.8400,2.1585
2026-09-04T18:12:10.082826+09:00,2026-09-04,18:12,BE,블룸에너지,US,235.5500,8.4085
2026-09-04T18:12:10.082826+09:00,2026-09-04,18:12,034020,두산에너빌리티,KR,79200.0000,0.0000
2026-09-04T18:12:10.082826+09:00,2026-09-04,18:12,015760,한국전력,KR,32150.0000,-0.9245
2026-09-04T18:12:10.082826+09:00,2026-09-04,18:12,005930,삼성전자,KR,255500.0000,2.2000
2026-09-04T18:12:10.082826+09:00,2026-09-04,18:12,000660,SK하이닉스,KR,1647000.0000,3.1955
2026-09-04T18:12:10.082826+09:00,2026-09-04,18:12,066570,LG전자,KR,201500.0000,0.9014
2026-09-04T18:12:10.082826+09:00,2026-09-04,18:12,009150,삼성전기,KR,1401000.0000,3.9318
2026-09-04T18:12:10.082826+09:00,2026-09-04,18:12,005380,현대차,KR,383500.0000,0.0000
2026-09-04T18:12:10.082826+09:00,2026-09-04,18:12,035420,네이버,KR,213500.0000,2.8916
2026-09-04T18:12:10.082826+09:00,2026-09-04,18:12,302440,SK바이오사이언스,KR,37900.0000,0.3974
2026-09-04T18:12:10.082826+09:00,2026-09-04,18:12,475230,엔알비,KR,9950.0000,1.6343
2026-09-04T18:12:10.082826+09:00,2026-09-04,18:12,220100,퓨쳐켐,KR,8130.0000,3.4351
2026-09-07T08:37:14.457827+09:00,2026-09-07,08:37,AAPL,애플,US,319.9700,-2.5106
2026-09-07T08:37:14.457827+09:00,2026-09-07,08:37,MSFT,마이크로소프트,US,499.7000,-2.0427
2026-09-07T08:37:14.457827+09:00,2026-09-07,08:37,GOOGL,알파벳,US,338.4600,-1.1738
2026-09-07T08:37:14.457827+09:00,2026-09-07,08:37,AMZN,아마존,US,258.5100,-0.1506
2026-09-07T08:37:14.457827+09:00,2026-09-07,08:37,META,메타,US,616.7700,0.9973
2026-09-07T08:37:14.457827+09:00,2026-09-07,08:37,NVDA,엔비디아,US,230.3600,0.8361
2026-09-07T08:37:14.457827+09:00,2026-09-07,08:37,TSLA,테슬라,US,354.0800,-5.9224
2026-09-07T08:37:14.457827+09:00,2026-09-07,08:37,PLTR,팔란티어,US,174.3300,-4.4924
2026-09-07T08:37:14.457827+09:00,2026-09-07,08:37,SPCX,스페이스X,US,147.9500,-1.1954
2026-09-07T08:37:14.457827+09:00,2026-09-07,08:37,GEV,GE베르노바,US,941.9500,0.0117
2026-09-07T08:37:14.457827+09:00,2026-09-07,08:37,BE,블룸에너지,US,252.8700,7.3530
2026-09-07T08:37:14.457827+09:00,2026-09-07,08:37,034020,두산에너빌리티,KR,79200.0000,0.0000
2026-09-07T08:37:14.457827+09:00,2026-09-07,08:37,015760,한국전력,KR,32150.0000,-0.9245
2026-09-07T08:37:14.457827+09:00,2026-09-07,08:37,005930,삼성전자,KR,255500.0000,2.2000
2026-09-07T08:37:14.457827+09:00,2026-09-07,08:37,000660,SK하이닉스,KR,1647000.0000,3.1955
2026-09-07T08:37:14.457827+09:00,2026-09-07,08:37,066570,LG전자,KR,201500.0000,0.9014
2026-09-07T08:37:14.457827+09:00,2026-09-07,08:37,009150,삼성전기,KR,1401000.0000,3.9318
2026-09-07T08:37:14.457827+09:00,2026-09-07,08:37,005380,현대차,KR,383500.0000,0.0000
2026-09-07T08:37:14.457827+09:00,2026-09-07,08:37,035420,네이버,KR,213500.0000,2.8916
2026-09-07T08:37:14.457827+09:00,2026-09-07,08:37,302440,SK바이오사이언스,KR,37900.0000,0.3974
2026-09-07T08:37:14.457827+09:00,2026-09-07,08:37,475230,엔알비,KR,9950.0000,1.6343
2026-09-07T08:37:14.457827+09:00,2026-09-07,08:37,220100,퓨쳐켐,KR,8130.0000,3.4351
2026-09-07T18:50:33.236370+09:00,2026-09-07,18:50,AAPL,애플,US,319.9700,-2.5106
2026-09-07T18:50:33.236370+09:00,2026-09-07,18:50,MSFT,마이크로소프트,US,499.7000,-2.0427
2026-09-07T18:50:33.236370+09:00,2026-09-07,18:50,GOOGL,알파벳,US,338.4600,-1.1738
2026-09-07T18:50:33.236370+09:00,2026-09-07,18:50,AMZN,아마존,US,258.5100,-0.1506
2026-09-07T18:50:33.236370+09:00,2026-09-07,18:50,META,메타,US,616.7700,0.9973
2026-09-07T18:50:33.236370+09:00,2026-09-07,18:50,NVDA,엔비디아,US,230.3600,0.8361
2026-09-07T18:50:33.236370+09:00,2026-09-07,18:50,TSLA,테슬라,US,354.0800,-5.9224
2026-09-07T18:50:33.236370+09:00,2026-09-07,18:50,PLTR,팔란티어,US,174.3300,-4.4924
2026-09-07T18:50:33.236370+09:00,2026-09-07,18:50,SPCX,스페이스X,US,147.9500,-1.1954
2026-09-07T18:50:33.236370+09:00,2026-09-07,18:50,GEV,GE베르노바,US,941.9500,0.0117
2026-09-07T18:50:33.236370+09:00,2026-09-07,18:50,BE,블룸에너지,US,252.8700,7.3530
2026-09-07T18:50:33.236370+09:00,2026-09-07,18:50,034020,두산에너빌리티,KR,87900.0000,10.9848
2026-09-07T18:50:33.236370+09:00,2026-09-07,18:50,015760,한국전력,KR,32750.0000,1.8663
2026-09-07T18:50:33.236370+09:00,2026-09-07,18:50,005930,삼성전자,KR,270000.0000,5.6751
2026-09-07T18:50:33.236370+09:00,2026-09-07,18:50,000660,SK하이닉스,KR,1783000.0000,8.2574
2026-09-07T18:50:33.236370+09:00,2026-09-07,18:50,066570,LG전자,KR,214000.0000,6.2035
2026-09-07T18:50:33.236370+09:00,2026-09-07,18:50,009150,삼성전기,KR,1454000.0000,3.7830
2026-09-07T18:50:33.236370+09:00,2026-09-07,18:50,005380,현대차,KR,393000.0000,2.4772
2026-09-07T18:50:33.236370+09:00,2026-09-07,18:50,035420,네이버,KR,218000.0000,2.1077
2026-09-07T18:50:33.236370+09:00,2026-09-07,18:50,302440,SK바이오사이언스,KR,37600.0000,-0.7916
2026-09-07T18:50:33.236370+09:00,2026-09-07,18:50,475230,엔알비,KR,9530.0000,-4.2211
2026-09-07T18:50:33.236370+09:00,2026-09-07,18:50,220100,퓨쳐켐,KR,8100.0000,-0.3690
2026-09-08T09:04:37.834604+09:00,2026-09-08,09:04,AAPL,애플,US,319.9700,-2.5106
2026-09-08T09:04:37.834604+09:00,2026-09-08,09:04,MSFT,마이크로소프트,US,499.7000,-2.0427
2026-09-08T09:04:37.834604+09:00,2026-09-08,09:04,GOOGL,알파벳,US,338.4600,-1.1738
2026-09-08T09:04:37.834604+09:00,2026-09-08,09:04,AMZN,아마존,US,258.5100,-0.1506
2026-09-08T09:04:37.834604+09:00,2026-09-08,09:04,META,메타,US,616.7700,0.9973
2026-09-08T09:04:37.834604+09:00,2026-09-08,09:04,NVDA,엔비디아,US,230.3600,0.8361
2026-09-08T09:04:37.834604+09:00,2026-09-08,09:04,TSLA,테슬라,US,354.0800,-5.9224
2026-09-08T09:04:37.834604+09:00,2026-09-08,09:04,PLTR,팔란티어,US,174.3300,-4.4924
2026-09-08T09:04:37.834604+09:00,2026-09-08,09:04,SPCX,스페이스X,US,147.9500,-1.1954
2026-09-08T09:04:37.834604+09:00,2026-09-08,09:04,GEV,GE베르노바,US,941.9500,0.0117
2026-09-08T09:04:37.834604+09:00,2026-09-08,09:04,BE,블룸에너지,US,252.8700,7.3530
2026-09-08T09:04:37.834604+09:00,2026-09-08,09:04,034020,두산에너빌리티,KR,92100.0000,4.7782
2026-09-08T09:04:37.834604+09:00,2026-09-08,09:04,015760,한국전력,KR,34150.0000,4.2748
2026-09-08T09:04:37.834604+09:00,2026-09-08,09:04,005930,삼성전자,KR,269750.0000,-0.0926
2026-09-08T09:04:37.834604+09:00,2026-09-08,09:04,000660,SK하이닉스,KR,1778000.0000,-0.2804
2026-09-08T09:04:37.834604+09:00,2026-09-08,09:04,066570,LG전자,KR,213500.0000,-0.2336
2026-09-08T09:04:37.834604+09:00,2026-09-08,09:04,009150,삼성전기,KR,1426000.0000,-1.9257
2026-09-08T09:04:37.834604+09:00,2026-09-08,09:04,005380,현대차,KR,390750.0000,-0.5725
2026-09-08T09:04:37.834604+09:00,2026-09-08,09:04,035420,네이버,KR,218500.0000,0.2294
2026-09-08T09:04:37.834604+09:00,2026-09-08,09:04,302440,SK바이오사이언스,KR,38100.0000,1.3298
2026-09-08T09:04:37.834604+09:00,2026-09-08,09:04,475230,엔알비,KR,9550.0000,0.2099
2026-09-08T09:04:37.834604+09:00,2026-09-08,09:04,220100,퓨쳐켐,KR,8160.0000,0.7407
2026-09-08T18:15:05.337694+09:00,2026-09-08,18:15,AAPL,애플,US,319.9700,-2.5106
2026-09-08T18:15:05.337694+09:00,2026-09-08,18:15,MSFT,마이크로소프트,US,499.7000,-2.0427
2026-09-08T18:15:05.337694+09:00,2026-09-08,18:15,GOOGL,알파벳,US,338.4600,-1.1738
2026-09-08T18:15:05.337694+09:00,2026-09-08,18:15,AMZN,아마존,US,258.5100,-0.1506
2026-09-08T18:15:05.337694+09:00,2026-09-08,18:15,META,메타,US,616.7700,0.9973
2026-09-08T18:15:05.337694+09:00,2026-09-08,18:15,NVDA,엔비디아,US,230.3600,0.8361
2026-09-08T18:15:05.337694+09:00,2026-09-08,18:15,TSLA,테슬라,US,354.0800,-5.9224
2026-09-08T18:15:05.337694+09:00,2026-09-08,18:15,PLTR,팔란티어,US,174.3300,-4.4924
2026-09-08T18:15:05.337694+09:00,2026-09-08,18:15,SPCX,스페이스X,US,147.9500,-1.1954
2026-09-08T18:15:05.337694+09:00,2026-09-08,18:15,GEV,GE베르노바,US,941.9500,0.0117
2026-09-08T18:15:05.337694+09:00,2026-09-08,18:15,BE,블룸에너지,US,252.8700,7.3530
2026-09-08T18:15:05.337694+09:00,2026-09-08,18:15,034020,두산에너빌리티,KR,89500.0000,1.8203
2026-09-08T18:15:05.337694+09:00,2026-09-08,18:15,015760,한국전력,KR,34100.0000,4.1221
2026-09-08T18:15:05.337694+09:00,2026-09-08,18:15,005930,삼성전자,KR,269500.0000,-0.1852
2026-09-08T18:15:05.337694+09:00,2026-09-08,18:15,000660,SK하이닉스,KR,1793000.0000,0.5609
2026-09-08T18:15:05.337694+09:00,2026-09-08,18:15,066570,LG전자,KR,205000.0000,-4.2056
2026-09-08T18:15:05.337694+09:00,2026-09-08,18:15,009150,삼성전기,KR,1370000.0000,-5.7772
2026-09-08T18:15:05.337694+09:00,2026-09-08,18:15,005380,현대차,KR,385000.0000,-2.0356
2026-09-08T18:15:05.337694+09:00,2026-09-08,18:15,035420,네이버,KR,214500.0000,-1.6055
2026-09-08T18:15:05.337694+09:00,2026-09-08,18:15,302440,SK바이오사이언스,KR,36750.0000,-2.2606
2026-09-08T18:15:05.337694+09:00,2026-09-08,18:15,475230,엔알비,KR,9110.0000,-4.4071
2026-09-08T18:15:05.337694+09:00,2026-09-08,18:15,220100,퓨쳐켐,KR,7840.0000,-3.2099
2026-09-09T08:56:34.280146+09:00,2026-09-09,08:56,AAPL,애플,US,316.2200,-1.1720
2026-09-09T08:56:34.280146+09:00,2026-09-09,08:56,MSFT,마이크로소프트,US,493.9500,-1.1507
2026-09-09T08:56:34.280146+09:00,2026-09-09,08:56,GOOGL,알파벳,US,338.3600,-0.0295
2026-09-09T08:56:34.280146+09:00,2026-09-09,08:56,AMZN,아마존,US,256.9700,-0.5957
2026-09-09T08:56:34.280146+09:00,2026-09-09,08:56,META,메타,US,613.4800,-0.5334
2026-09-09T08:56:34.280146+09:00,2026-09-09,08:56,NVDA,엔비디아,US,225.7300,-2.0099
2026-09-09T08:56:34.280146+09:00,2026-09-09,08:56,TSLA,테슬라,US,368.1600,3.9765
2026-09-09T08:56:34.280146+09:00,2026-09-09,08:56,PLTR,팔란티어,US,170.3000,-2.3117
2026-09-09T08:56:34.280146+09:00,2026-09-09,08:56,SPCX,스페이스X,US,153.4700,3.7310
2026-09-09T08:56:34.280146+09:00,2026-09-09,08:56,GEV,GE베르노바,US,971.3100,3.1169
2026-09-09T08:56:34.280146+09:00,2026-09-09,08:56,BE,블룸에너지,US,277.2200,9.6295
2026-09-09T08:56:34.280146+09:00,2026-09-09,08:56,034020,두산에너빌리티,KR,89500.0000,1.8203
2026-09-09T08:56:34.280146+09:00,2026-09-09,08:56,015760,한국전력,KR,34100.0000,4.1221
2026-09-09T08:56:34.280146+09:00,2026-09-09,08:56,005930,삼성전자,KR,269500.0000,-0.1852
2026-09-09T08:56:34.280146+09:00,2026-09-09,08:56,000660,SK하이닉스,KR,1793000.0000,0.5609
2026-09-09T08:56:34.280146+09:00,2026-09-09,08:56,066570,LG전자,KR,205000.0000,-4.2056
2026-09-09T08:56:34.280146+09:00,2026-09-09,08:56,009150,삼성전기,KR,1370000.0000,-5.7772
2026-09-09T08:56:34.280146+09:00,2026-09-09,08:56,005380,현대차,KR,385000.0000,-2.0356
2026-09-09T08:56:34.280146+09:00,2026-09-09,08:56,035420,네이버,KR,214500.0000,-1.6055
2026-09-09T08:56:34.280146+09:00,2026-09-09,08:56,302440,SK바이오사이언스,KR,36750.0000,-2.2606
2026-09-09T08:56:34.280146+09:00,2026-09-09,08:56,475230,엔알비,KR,9110.0000,-4.4071
2026-09-09T08:56:34.280146+09:00,2026-09-09,08:56,220100,퓨쳐켐,KR,7840.0000,-3.2099
2026-09-09T18:18:25.137974+09:00,2026-09-09,18:18,AAPL,애플,US,316.2200,-1.1720
2026-09-09T18:18:25.137974+09:00,2026-09-09,18:18,MSFT,마이크로소프트,US,493.9500,-1.1507
2026-09-09T18:18:25.137974+09:00,2026-09-09,18:18,GOOGL,알파벳,US,338.3600,-0.0295
2026-09-09T18:18:25.137974+09:00,2026-09-09,18:18,AMZN,아마존,US,256.9700,-0.5957
2026-09-09T18:18:25.137974+09:00,2026-09-09,18:18,META,메타,US,613.4800,-0.5334
2026-09-09T18:18:25.137974+09:00,2026-09-09,18:18,NVDA,엔비디아,US,225.7300,-2.0099
2026-09-09T18:18:25.137974+09:00,2026-09-09,18:18,TSLA,테슬라,US,368.1600,3.9765
2026-09-09T18:18:25.137974+09:00,2026-09-09,18:18,PLTR,팔란티어,US,170.3000,-2.3117
2026-09-09T18:18:25.137974+09:00,2026-09-09,18:18,SPCX,스페이스X,US,153.4700,3.7310
2026-09-09T18:18:25.137974+09:00,2026-09-09,18:18,GEV,GE베르노바,US,971.3100,3.1169
2026-09-09T18:18:25.137974+09:00,2026-09-09,18:18,BE,블룸에너지,US,277.2200,9.6295
2026-09-09T18:18:25.137974+09:00,2026-09-09,18:18,034020,두산에너빌리티,KR,91700.0000,2.4581
2026-09-09T18:18:25.137974+09:00,2026-09-09,18:18,015760,한국전력,KR,33750.0000,-1.0264
2026-09-09T18:18:25.137974+09:00,2026-09-09,18:18,005930,삼성전자,KR,269500.0000,0.0000
2026-09-09T18:18:25.137974+09:00,2026-09-09,18:18,000660,SK하이닉스,KR,1856000.0000,3.5137
2026-09-09T18:18:25.137974+09:00,2026-09-09,18:18,066570,LG전자,KR,204500.0000,-0.2439
2026-09-09T18:18:25.137974+09:00,2026-09-09,18:18,009150,삼성전기,KR,1404000.0000,2.4818
2026-09-09T18:18:25.137974+09:00,2026-09-09,18:18,005380,현대차,KR,388000.0000,0.7792
2026-09-09T18:18:25.137974+09:00,2026-09-09,18:18,035420,네이버,KR,210000.0000,-2.0979
2026-09-09T18:18:25.137974+09:00,2026-09-09,18:18,302440,SK바이오사이언스,KR,37300.0000,1.4966
2026-09-09T18:18:25.137974+09:00,2026-09-09,18:18,475230,엔알비,KR,9110.0000,0.0000
2026-09-09T18:18:25.137974+09:00,2026-09-09,18:18,220100,퓨쳐켐,KR,7930.0000,1.1480
2026-09-10T08:55:25.178466+09:00,2026-09-10,08:55,AAPL,애플,US,315.3400,-0.2783
2026-09-10T08:55:25.178466+09:00,2026-09-10,08:55,MSFT,마이크로소프트,US,491.6500,-0.4656
2026-09-10T08:55:25.178466+09:00,2026-09-10,08:55,GOOGL,알파벳,US,330.6500,-2.2786
2026-09-10T08:55:25.178466+09:00,2026-09-10,08:55,AMZN,아마존,US,252.4000,-1.7784
2026-09-10T08:55:25.178466+09:00,2026-09-10,08:55,META,메타,US,653.6900,6.5544
2026-09-10T08:55:25.178466+09:00,2026-09-10,08:55,NVDA,엔비디아,US,223.6700,-0.9126
2026-09-10T08:55:25.178466+09:00,2026-09-10,08:55,TSLA,테슬라,US,367.8100,-0.0951
2026-09-10T08:55:25.178466+09:00,2026-09-10,08:55,PLTR,팔란티어,US,169.5300,-0.4521
2026-09-10T08:55:25.178466+09:00,2026-09-10,08:55,SPCX,스페이스X,US,147.5500,-3.8574
2026-09-10T08:55:25.178466+09:00,2026-09-10,08:55,GEV,GE베르노바,US,951.0400,-2.0869
2026-09-10T08:55:25.178466+09:00,2026-09-10,08:55,BE,블룸에너지,US,269.2800,-2.8642
2026-09-10T08:55:25.178466+09:00,2026-09-10,08:55,034020,두산에너빌리티,KR,91700.0000,2.4581
2026-09-10T08:55:25.178466+09:00,2026-09-10,08:55,015760,한국전력,KR,33750.0000,-1.0264
2026-09-10T08:55:25.178466+09:00,2026-09-10,08:55,005930,삼성전자,KR,269500.0000,0.0000
2026-09-10T08:55:25.178466+09:00,2026-09-10,08:55,000660,SK하이닉스,KR,1856000.0000,3.5137
2026-09-10T08:55:25.178466+09:00,2026-09-10,08:55,066570,LG전자,KR,204500.0000,-0.2439
2026-09-10T08:55:25.178466+09:00,2026-09-10,08:55,009150,삼성전기,KR,1404000.0000,2.4818
2026-09-10T08:55:25.178466+09:00,2026-09-10,08:55,005380,현대차,KR,388000.0000,0.7792
2026-09-10T08:55:25.178466+09:00,2026-09-10,08:55,035420,네이버,KR,210000.0000,-2.0979
2026-09-10T08:55:25.178466+09:00,2026-09-10,08:55,302440,SK바이오사이언스,KR,37300.0000,1.4966
2026-09-10T08:55:25.178466+09:00,2026-09-10,08:55,475230,엔알비,KR,9110.0000,0.0000
2026-09-10T08:55:25.178466+09:00,2026-09-10,08:55,220100,퓨쳐켐,KR,7930.0000,1.1480
2026-09-10T18:17:11.035017+09:00,2026-09-10,18:17,AAPL,애플,US,315.3400,-0.2783
2026-09-10T18:17:11.035017+09:00,2026-09-10,18:17,MSFT,마이크로소프트,US,491.6500,-0.4656
2026-09-10T18:17:11.035017+09:00,2026-09-10,18:17,GOOGL,알파벳,US,330.6500,-2.2786
2026-09-10T18:17:11.035017+09:00,2026-09-10,18:17,AMZN,아마존,US,252.4000,-1.7784
2026-09-10T18:17:11.035017+09:00,2026-09-10,18:17,META,메타,US,653.6900,6.5544
2026-09-10T18:17:11.035017+09:00,2026-09-10,18:17,NVDA,엔비디아,US,223.6700,-0.9126
2026-09-10T18:17:11.035017+09:00,2026-09-10,18:17,TSLA,테슬라,US,367.8100,-0.0951
2026-09-10T18:17:11.035017+09:00,2026-09-10,18:17,PLTR,팔란티어,US,169.5300,-0.4521
2026-09-10T18:17:11.035017+09:00,2026-09-10,18:17,SPCX,스페이스X,US,147.5500,-3.8574
2026-09-10T18:17:11.035017+09:00,2026-09-10,18:17,GEV,GE베르노바,US,951.0400,-2.0869
2026-09-10T18:17:11.035017+09:00,2026-09-10,18:17,BE,블룸에너지,US,269.2800,-2.8642
2026-09-10T18:17:11.035017+09:00,2026-09-10,18:17,034020,두산에너빌리티,KR,89900.0000,-1.9629
2026-09-10T18:17:11.035017+09:00,2026-09-10,18:17,015760,한국전력,KR,32750.0000,-2.9630
2026-09-10T18:17:11.035017+09:00,2026-09-10,18:17,005930,삼성전자,KR,269000.0000,-0.1855
2026-09-10T18:17:11.035017+09:00,2026-09-10,18:17,000660,SK하이닉스,KR,1853000.0000,-0.1616
2026-09-10T18:17:11.035017+09:00,2026-09-10,18:17,066570,LG전자,KR,206500.0000,0.9780
2026-09-10T18:17:11.035017+09:00,2026-09-10,18:17,009150,삼성전기,KR,1400000.0000,-0.2849
2026-09-10T18:17:11.035017+09:00,2026-09-10,18:17,005380,현대차,KR,389000.0000,0.2577
2026-09-10T18:17:11.035017+09:00,2026-09-10,18:17,035420,네이버,KR,208000.0000,-0.9524
2026-09-10T18:17:11.035017+09:00,2026-09-10,18:17,302440,SK바이오사이언스,KR,38000.0000,1.8767
2026-09-10T18:17:11.035017+09:00,2026-09-10,18:17,475230,엔알비,KR,10250.0000,12.5137
2026-09-10T18:17:11.035017+09:00,2026-09-10,18:17,220100,퓨쳐켐,KR,7830.0000,-1.2610
2026-09-11T08:51:00.824582+09:00,2026-09-11,08:51,AAPL,애플,US,326.5700,3.5612
2026-09-11T08:51:00.824582+09:00,2026-09-11,08:51,MSFT,마이크로소프트,US,492.4400,0.1607
2026-09-11T08:51:00.824582+09:00,2026-09-11,08:51,GOOGL,알파벳,US,332.6000,0.5898
2026-09-11T08:51:00.824582+09:00,2026-09-11,08:51,AMZN,아마존,US,251.8900,-0.2021
2026-09-11T08:51:00.824582+09:00,2026-09-11,08:51,META,메타,US,644.3800,-1.4242
2026-09-11T08:51:00.824582+09:00,2026-09-11,08:51,NVDA,엔비디아,US,218.3600,-2.3740
2026-09-11T08:51:00.824582+09:00,2026-09-11,08:51,TSLA,테슬라,US,363.5600,-1.1555
2026-09-11T08:51:00.824582+09:00,2026-09-11,08:51,PLTR,팔란티어,US,165.8600,-2.1648
2026-09-11T08:51:00.824582+09:00,2026-09-11,08:51,SPCX,스페이스X,US,148.1800,0.4270
2026-09-11T08:51:00.824582+09:00,2026-09-11,08:51,GEV,GE베르노바,US,923.9100,-2.8527
2026-09-11T08:51:00.824582+09:00,2026-09-11,08:51,BE,블룸에너지,US,258.4900,-4.0070
2026-09-11T08:51:00.824582+09:00,2026-09-11,08:51,034020,두산에너빌리티,KR,89900.0000,-1.9629
2026-09-11T08:51:00.824582+09:00,2026-09-11,08:51,015760,한국전력,KR,32750.0000,-2.9630
2026-09-11T08:51:00.824582+09:00,2026-09-11,08:51,005930,삼성전자,KR,269000.0000,-0.1855
2026-09-11T08:51:00.824582+09:00,2026-09-11,08:51,000660,SK하이닉스,KR,1853000.0000,-0.1616
2026-09-11T08:51:00.824582+09:00,2026-09-11,08:51,066570,LG전자,KR,206500.0000,0.9780
2026-09-11T08:51:00.824582+09:00,2026-09-11,08:51,009150,삼성전기,KR,1400000.0000,-0.2849
2026-09-11T08:51:00.824582+09:00,2026-09-11,08:51,005380,현대차,KR,389000.0000,0.2577
2026-09-11T08:51:00.824582+09:00,2026-09-11,08:51,035420,네이버,KR,208000.0000,-0.9524
2026-09-11T08:51:00.824582+09:00,2026-09-11,08:51,302440,SK바이오사이언스,KR,38000.0000,1.8767
2026-09-11T08:51:00.824582+09:00,2026-09-11,08:51,475230,엔알비,KR,10250.0000,12.5137
2026-09-11T08:51:00.824582+09:00,2026-09-11,08:51,220100,퓨쳐켐,KR,7830.0000,-1.2610
2026-09-11T18:16:13.245213+09:00,2026-09-11,18:16,AAPL,애플,US,326.5700,3.5612
2026-09-11T18:16:13.245213+09:00,2026-09-11,18:16,MSFT,마이크로소프트,US,492.4400,0.1607
2026-09-11T18:16:13.245213+09:00,2026-09-11,18:16,GOOGL,알파벳,US,332.6000,0.5898
2026-09-11T18:16:13.245213+09:00,2026-09-11,18:16,AMZN,아마존,US,251.8900,-0.2021
2026-09-11T18:16:13.245213+09:00,2026-09-11,18:16,META,메타,US,644.3800,-1.4242
2026-09-11T18:16:13.245213+09:00,2026-09-11,18:16,NVDA,엔비디아,US,218.3600,-2.3740
2026-09-11T18:16:13.245213+09:00,2026-09-11,18:16,TSLA,테슬라,US,363.5600,-1.1555
2026-09-11T18:16:13.245213+09:00,2026-09-11,18:16,PLTR,팔란티어,US,165.8600,-2.1648
2026-09-11T18:16:13.245213+09:00,2026-09-11,18:16,SPCX,스페이스X,US,148.1800,0.4270
2026-09-11T18:16:13.245213+09:00,2026-09-11,18:16,GEV,GE베르노바,US,923.9100,-2.8527
2026-09-11T18:16:13.245213+09:00,2026-09-11,18:16,BE,블룸에너지,US,258.4900,-4.0070
2026-09-11T18:16:13.245213+09:00,2026-09-11,18:16,034020,두산에너빌리티,KR,90800.0000,1.0011
2026-09-11T18:16:13.245213+09:00,2026-09-11,18:16,015760,한국전력,KR,33100.0000,1.0687
2026-09-11T18:16:13.245213+09:00,2026-09-11,18:16,005930,삼성전자,KR,259500.0000,-3.5316
2026-09-11T18:16:13.245213+09:00,2026-09-11,18:16,000660,SK하이닉스,KR,1812000.0000,-2.2126
2026-09-11T18:16:13.245213+09:00,2026-09-11,18:16,066570,LG전자,KR,199500.0000,-3.3898
2026-09-11T18:16:13.245213+09:00,2026-09-11,18:16,009150,삼성전기,KR,1400000.0000,0.0000
2026-09-11T18:16:13.245213+09:00,2026-09-11,18:16,005380,현대차,KR,382500.0000,-1.6710
2026-09-11T18:16:13.245213+09:00,2026-09-11,18:16,035420,네이버,KR,206500.0000,-0.7212
2026-09-11T18:16:13.245213+09:00,2026-09-11,18:16,302440,SK바이오사이언스,KR,37250.0000,-1.9737
2026-09-11T18:16:13.245213+09:00,2026-09-11,18:16,475230,엔알비,KR,11170.0000,8.9756
2026-09-11T18:16:13.245213+09:00,2026-09-11,18:16,220100,퓨쳐켐,KR,8090.0000,3.3206
2026-09-14T08:57:25.528539+09:00,2026-09-14,08:57,AAPL,애플,US,332.2700,1.7454
2026-09-14T08:57:25.528539+09:00,2026-09-14,08:57,MSFT,마이크로소프트,US,495.6300,0.6478
2026-09-14T08:57:25.528539+09:00,2026-09-14,08:57,GOOGL,알파벳,US,338.5000,1.7739
2026-09-14T08:57:25.528539+09:00,2026-09-14,08:57,AMZN,아마존,US,256.7800,1.9413
2026-09-14T08:57:25.528539+09:00,2026-09-14,08:57,META,메타,US,648.0300,0.5664
2026-09-14T08:57:25.528539+09:00,2026-09-14,08:57,NVDA,엔비디아,US,218.2900,-0.0321
2026-09-14T08:57:25.528539+09:00,2026-09-14,08:57,TSLA,테슬라,US,365.4400,0.5171
2026-09-14T08:57:25.528539+09:00,2026-09-14,08:57,PLTR,팔란티어,US,167.2300,0.8260
2026-09-14T08:57:25.528539+09:00,2026-09-14,08:57,SPCX,스페이스X,US,151.2100,2.0448
2026-09-14T08:57:25.528539+09:00,2026-09-14,08:57,GEV,GE베르노바,US,957.2700,3.6107
2026-09-14T08:57:25.528539+09:00,2026-09-14,08:57,BE,블룸에너지,US,275.7500,6.6772
2026-09-14T08:57:25.528539+09:00,2026-09-14,08:57,034020,두산에너빌리티,KR,90800.0000,1.0011
2026-09-14T08:57:25.528539+09:00,2026-09-14,08:57,015760,한국전력,KR,33100.0000,1.0687
2026-09-14T08:57:25.528539+09:00,2026-09-14,08:57,005930,삼성전자,KR,259500.0000,-3.5316
2026-09-14T08:57:25.528539+09:00,2026-09-14,08:57,000660,SK하이닉스,KR,1812000.0000,-2.2126
2026-09-14T08:57:25.528539+09:00,2026-09-14,08:57,066570,LG전자,KR,199500.0000,-3.3898
2026-09-14T08:57:25.528539+09:00,2026-09-14,08:57,009150,삼성전기,KR,1400000.0000,0.0000
2026-09-14T08:57:25.528539+09:00,2026-09-14,08:57,005380,현대차,KR,382500.0000,-1.6710
2026-09-14T08:57:25.528539+09:00,2026-09-14,08:57,035420,네이버,KR,206500.0000,-0.7212
2026-09-14T08:57:25.528539+09:00,2026-09-14,08:57,302440,SK바이오사이언스,KR,37250.0000,-1.9737
2026-09-14T08:57:25.528539+09:00,2026-09-14,08:57,475230,엔알비,KR,11170.0000,8.9756
2026-09-14T08:57:25.528539+09:00,2026-09-14,08:57,220100,퓨쳐켐,KR,8090.0000,3.3206
2026-09-14T19:12:39.775096+09:00,2026-09-14,19:12,AAPL,애플,US,332.2700,1.7454
2026-09-14T19:12:39.775096+09:00,2026-09-14,19:12,MSFT,마이크로소프트,US,495.6300,0.6478
2026-09-14T19:12:39.775096+09:00,2026-09-14,19:12,GOOGL,알파벳,US,338.5000,1.7739
2026-09-14T19:12:39.775096+09:00,2026-09-14,19:12,AMZN,아마존,US,256.7800,1.9413
2026-09-14T19:12:39.775096+09:00,2026-09-14,19:12,META,메타,US,648.0300,0.5664
2026-09-14T19:12:39.775096+09:00,2026-09-14,19:12,NVDA,엔비디아,US,218.2900,-0.0321
2026-09-14T19:12:39.775096+09:00,2026-09-14,19:12,TSLA,테슬라,US,365.4400,0.5171
2026-09-14T19:12:39.775096+09:00,2026-09-14,19:12,PLTR,팔란티어,US,167.2300,0.8260
2026-09-14T19:12:39.775096+09:00,2026-09-14,19:12,SPCX,스페이스X,US,151.2100,2.0448
2026-09-14T19:12:39.775096+09:00,2026-09-14,19:12,GEV,GE베르노바,US,957.2700,3.6107
2026-09-14T19:12:39.775096+09:00,2026-09-14,19:12,BE,블룸에너지,US,275.7500,6.6772
2026-09-14T19:12:39.775096+09:00,2026-09-14,19:12,034020,두산에너빌리티,KR,85500.0000,-5.8370
2026-09-14T19:12:39.775096+09:00,2026-09-14,19:12,015760,한국전력,KR,31800.0000,-3.9275
2026-09-14T19:12:39.775096+09:00,2026-09-14,19:12,005930,삼성전자,KR,247500.0000,-4.6243
2026-09-14T19:12:39.775096+09:00,2026-09-14,19:12,000660,SK하이닉스,KR,1679000.0000,-7.3400
2026-09-14T19:12:39.775096+09:00,2026-09-14,19:12,066570,LG전자,KR,195100.0000,-2.2055
2026-09-14T19:12:39.775096+09:00,2026-09-14,19:12,009150,삼성전기,KR,1320000.0000,-5.7143
2026-09-14T19:12:39.775096+09:00,2026-09-14,19:12,005380,현대차,KR,367000.0000,-4.0523
2026-09-14T19:12:39.775096+09:00,2026-09-14,19:12,035420,네이버,KR,203000.0000,-1.6949
2026-09-14T19:12:39.775096+09:00,2026-09-14,19:12,302440,SK바이오사이언스,KR,37700.0000,1.2081
2026-09-14T19:12:39.775096+09:00,2026-09-14,19:12,475230,엔알비,KR,11350.0000,1.6115
2026-09-14T19:12:39.775096+09:00,2026-09-14,19:12,220100,퓨쳐켐,KR,8190.0000,1.2361
2026-09-15T09:23:51.532819+09:00,2026-09-15,09:23,AAPL,애플,US,332.2700,1.7454
2026-09-15T09:23:51.532819+09:00,2026-09-15,09:23,MSFT,마이크로소프트,US,495.6300,0.6478
2026-09-15T09:23:51.532819+09:00,2026-09-15,09:23,GOOGL,알파벳,US,338.5000,1.7739
2026-09-15T09:23:51.532819+09:00,2026-09-15,09:23,AMZN,아마존,US,256.7800,1.9413
2026-09-15T09:23:51.532819+09:00,2026-09-15,09:23,META,메타,US,648.0300,0.5664
2026-09-15T09:23:51.532819+09:00,2026-09-15,09:23,NVDA,엔비디아,US,218.2900,-0.0321
2026-09-15T09:23:51.532819+09:00,2026-09-15,09:23,TSLA,테슬라,US,365.4400,0.5171
2026-09-15T09:23:51.532819+09:00,2026-09-15,09:23,PLTR,팔란티어,US,167.2300,0.8260
2026-09-15T09:23:51.532819+09:00,2026-09-15,09:23,SPCX,스페이스X,US,151.2100,2.0448
2026-09-15T09:23:51.532819+09:00,2026-09-15,09:23,GEV,GE베르노바,US,957.2700,3.6107
2026-09-15T09:23:51.532819+09:00,2026-09-15,09:23,BE,블룸에너지,US,275.7500,6.6772
2026-09-15T09:23:51.532819+09:00,2026-09-15,09:23,034020,두산에너빌리티,KR,85800.0000,0.2336
2026-09-15T09:23:51.532819+09:00,2026-09-15,09:23,015760,한국전력,KR,31350.0000,-1.5699
2026-09-15T09:23:51.532819+09:00,2026-09-15,09:23,005930,삼성전자,KR,250250.0000,0.7042
2026-09-15T09:23:51.532819+09:00,2026-09-15,09:23,000660,SK하이닉스,KR,1711000.0000,1.6637
2026-09-15T09:23:51.532819+09:00,2026-09-15,09:23,066570,LG전자,KR,201500.0000,3.3864
2026-09-15T09:23:51.532819+09:00,2026-09-15,09:23,009150,삼성전기,KR,1328000.0000,0.4539
2026-09-15T09:23:51.532819+09:00,2026-09-15,09:23,005380,현대차,KR,369500.0000,0.5442
2026-09-15T09:23:51.532819+09:00,2026-09-15,09:23,035420,네이버,KR,206000.0000,1.4778
2026-09-15T09:23:51.532819+09:00,2026-09-15,09:23,302440,SK바이오사이언스,KR,37500.0000,-0.3984
2026-09-15T09:23:51.532819+09:00,2026-09-15,09:23,475230,엔알비,KR,11240.0000,0.2676
2026-09-15T09:23:51.532819+09:00,2026-09-15,09:23,220100,퓨쳐켐,KR,8280.0000,1.2225
2026-09-15T18:41:57.273201+09:00,2026-09-15,18:41,AAPL,애플,US,333.0800,0.2438
2026-09-15T18:41:57.273201+09:00,2026-09-15,18:41,MSFT,마이크로소프트,US,505.4100,1.9732
2026-09-15T18:41:57.273201+09:00,2026-09-15,18:41,GOOGL,알파벳,US,349.3900,3.2171
2026-09-15T18:41:57.273201+09:00,2026-09-15,18:41,AMZN,아마존,US,253.5400,-1.2618
2026-09-15T18:41:57.273201+09:00,2026-09-15,18:41,META,메타,US,665.6000,2.7113
2026-09-15T18:41:57.273201+09:00,2026-09-15,18:41,NVDA,엔비디아,US,210.9600,-3.3579
2026-09-15T18:41:57.273201+09:00,2026-09-15,18:41,TSLA,테슬라,US,358.9700,-1.7705
2026-09-15T18:41:57.273201+09:00,2026-09-15,18:41,PLTR,팔란티어,US,173.3100,3.6357
2026-09-15T18:41:57.273201+09:00,2026-09-15,18:41,SPCX,스페이스X,US,148.1500,-2.0237
2026-09-15T18:41:57.273201+09:00,2026-09-15,18:41,GEV,GE베르노바,US,874.7600,-8.6193
2026-09-15T18:41:57.273201+09:00,2026-09-15,18:41,BE,블룸에너지,US,257.0500,-6.7815
2026-09-15T18:41:57.273201+09:00,2026-09-15,18:41,034020,두산에너빌리티,KR,85700.0000,0.1168
2026-09-15T18:41:57.273201+09:00,2026-09-15,18:41,015760,한국전력,KR,31350.0000,-1.5699
2026-09-15T18:41:57.273201+09:00,2026-09-15,18:41,005930,삼성전자,KR,248000.0000,-0.2012
2026-09-15T18:41:57.273201+09:00,2026-09-15,18:41,000660,SK하이닉스,KR,1688000.0000,0.2971
2026-09-15T18:41:57.273201+09:00,2026-09-15,18:41,066570,LG전자,KR,200000.0000,2.6167
2026-09-15T18:41:57.273201+09:00,2026-09-15,18:41,009150,삼성전기,KR,1315000.0000,-0.5295
2026-09-15T18:41:57.273201+09:00,2026-09-15,18:41,005380,현대차,KR,366500.0000,-0.2721
2026-09-15T18:41:57.273201+09:00,2026-09-15,18:41,035420,네이버,KR,204500.0000,0.7389
2026-09-15T18:41:57.273201+09:00,2026-09-15,18:41,302440,SK바이오사이언스,KR,36700.0000,-2.5232
2026-09-15T18:41:57.273201+09:00,2026-09-15,18:41,475230,엔알비,KR,11250.0000,0.3568
2026-09-15T18:41:57.273201+09:00,2026-09-15,18:41,220100,퓨쳐켐,KR,8200.0000,0.2445
2026-09-16T09:03:15.963890+09:00,2026-09-16,09:03,AAPL,애플,US,333.0800,0.2438
2026-09-16T09:03:15.963890+09:00,2026-09-16,09:03,MSFT,마이크로소프트,US,505.4100,1.9732
2026-09-16T09:03:15.963890+09:00,2026-09-16,09:03,GOOGL,알파벳,US,349.3900,3.2171
2026-09-16T09:03:15.963890+09:00,2026-09-16,09:03,AMZN,아마존,US,253.5400,-1.2618
2026-09-16T09:03:15.963890+09:00,2026-09-16,09:03,META,메타,US,665.6000,2.7113
2026-09-16T09:03:15.963890+09:00,2026-09-16,09:03,NVDA,엔비디아,US,210.9600,-3.3579
2026-09-16T09:03:15.963890+09:00,2026-09-16,09:03,TSLA,테슬라,US,358.9700,-1.7705
2026-09-16T09:03:15.963890+09:00,2026-09-16,09:03,PLTR,팔란티어,US,173.3100,3.6357
2026-09-16T09:03:15.963890+09:00,2026-09-16,09:03,SPCX,스페이스X,US,148.1500,-2.0237
2026-09-16T09:03:15.963890+09:00,2026-09-16,09:03,GEV,GE베르노바,US,874.7600,-8.6193
2026-09-16T09:03:15.963890+09:00,2026-09-16,09:03,BE,블룸에너지,US,257.0500,-6.7815
2026-09-16T09:03:15.963890+09:00,2026-09-16,09:03,034020,두산에너빌리티,KR,85800.0000,-1.1521
2026-09-16T09:03:15.963890+09:00,2026-09-16,09:03,015760,한국전력,KR,31400.0000,-0.6329
2026-09-16T09:03:15.963890+09:00,2026-09-16,09:03,005930,삼성전자,KR,247750.0000,-1.0978
2026-09-16T09:03:15.963890+09:00,2026-09-16,09:03,000660,SK하이닉스,KR,1691000.0000,-1.2266
2026-09-16T09:03:15.963890+09:00,2026-09-16,09:03,066570,LG전자,KR,198300.0000,-1.8317
2026-09-16T09:03:15.963890+09:00,2026-09-16,09:03,009150,삼성전기,KR,1315000.0000,-1.1278
2026-09-16T09:03:15.963890+09:00,2026-09-16,09:03,005380,현대차,KR,363000.0000,-1.7591
2026-09-16T09:03:15.963890+09:00,2026-09-16,09:03,035420,네이버,KR,202500.0000,-1.4599
2026-09-16T09:03:15.963890+09:00,2026-09-16,09:03,302440,SK바이오사이언스,KR,36350.0000,-2.0216
2026-09-16T09:03:15.963890+09:00,2026-09-16,09:03,475230,엔알비,KR,11250.0000,0.2674
2026-09-16T09:03:15.963890+09:00,2026-09-16,09:03,220100,퓨쳐켐,KR,8120.0000,-1.3366
2026-09-16T18:35:54.807048+09:00,2026-09-16,18:35,AAPL,애플,US,331.3400,-0.5224
2026-09-16T18:35:54.807048+09:00,2026-09-16,18:35,MSFT,마이크로소프트,US,497.1200,-1.6403
2026-09-16T18:35:54.807048+09:00,2026-09-16,18:35,GOOGL,알파벳,US,344.9800,-1.2622
2026-09-16T18:35:54.807048+09:00,2026-09-16,18:35,AMZN,아마존,US,248.4200,-2.0194
2026-09-16T18:35:54.807048+09:00,2026-09-16,18:35,META,메타,US,670.2400,0.6971
2026-09-16T18:35:54.807048+09:00,2026-09-16,18:35,NVDA,엔비디아,US,212.1700,0.5736
2026-09-16T18:35:54.807048+09:00,2026-09-16,18:35,TSLA,테슬라,US,356.5800,-0.6658
2026-09-16T18:35:54.807048+09:00,2026-09-16,18:35,PLTR,팔란티어,US,172.5600,-0.4328
2026-09-16T18:35:54.807048+09:00,2026-09-16,18:35,SPCX,스페이스X,US,143.4900,-3.1455
2026-09-16T18:35:54.807048+09:00,2026-09-16,18:35,GEV,GE베르노바,US,882.8100,0.9203
2026-09-16T18:35:54.807048+09:00,2026-09-16,18:35,BE,블룸에너지,US,259.3500,0.8948
2026-09-16T18:35:54.807048+09:00,2026-09-16,18:35,034020,두산에너빌리티,KR,84100.0000,-3.1106
2026-09-16T18:35:54.807048+09:00,2026-09-16,18:35,015760,한국전력,KR,31000.0000,-1.8987
2026-09-16T18:35:54.807048+09:00,2026-09-16,18:35,005930,삼성전자,KR,253000.0000,0.9980
2026-09-16T18:35:54.807048+09:00,2026-09-16,18:35,000660,SK하이닉스,KR,1755000.0000,2.5117
2026-09-16T18:35:54.807048+09:00,2026-09-16,18:35,066570,LG전자,KR,199700.0000,-1.1386
2026-09-16T18:35:54.807048+09:00,2026-09-16,18:35,009150,삼성전기,KR,1371000.0000,3.0827
2026-09-16T18:35:54.807048+09:00,2026-09-16,18:35,005380,현대차,KR,362500.0000,-1.8945
2026-09-16T18:35:54.807048+09:00,2026-09-16,18:35,035420,네이버,KR,201500.0000,-1.9465
2026-09-16T18:35:54.807048+09:00,2026-09-16,18:35,302440,SK바이오사이언스,KR,36200.0000,-2.4259
2026-09-16T18:35:54.807048+09:00,2026-09-16,18:35,475230,엔알비,KR,11270.0000,0.4456
2026-09-16T18:35:54.807048+09:00,2026-09-16,18:35,220100,퓨쳐켐,KR,8150.0000,-0.9721
2026-09-17T09:12:59.032535+09:00,2026-09-17,09:12,AAPL,애플,US,331.3400,-0.5224
2026-09-17T09:12:59.032535+09:00,2026-09-17,09:12,MSFT,마이크로소프트,US,497.1200,-1.6403
2026-09-17T09:12:59.032535+09:00,2026-09-17,09:12,GOOGL,알파벳,US,344.9800,-1.2622
2026-09-17T09:12:59.032535+09:00,2026-09-17,09:12,AMZN,아마존,US,248.4200,-2.0194
2026-09-17T09:12:59.032535+09:00,2026-09-17,09:12,META,메타,US,670.2400,0.6971
2026-09-17T09:12:59.032535+09:00,2026-09-17,09:12,NVDA,엔비디아,US,212.1700,0.5736
2026-09-17T09:12:59.032535+09:00,2026-09-17,09:12,TSLA,테슬라,US,356.5800,-0.6658
2026-09-17T09:12:59.032535+09:00,2026-09-17,09:12,PLTR,팔란티어,US,172.5600,-0.4328
2026-09-17T09:12:59.032535+09:00,2026-09-17,09:12,SPCX,스페이스X,US,143.4900,-3.1455
2026-09-17T09:12:59.032535+09:00,2026-09-17,09:12,GEV,GE베르노바,US,882.8100,0.9203
2026-09-17T09:12:59.032535+09:00,2026-09-17,09:12,BE,블룸에너지,US,259.3500,0.8948
2026-09-17T09:12:59.032535+09:00,2026-09-17,09:12,034020,두산에너빌리티,KR,84500.0000,0.4756
2026-09-17T09:12:59.032535+09:00,2026-09-17,09:12,015760,한국전력,KR,30950.0000,-0.3221
2026-09-17T09:12:59.032535+09:00,2026-09-17,09:12,005930,삼성전자,KR,255000.0000,0.5917
2026-09-17T09:12:59.032535+09:00,2026-09-17,09:12,000660,SK하이닉스,KR,1747500.0000,-0.5407
2026-09-17T09:12:59.032535+09:00,2026-09-17,09:12,066570,LG전자,KR,200000.0000,0.2004
2026-09-17T09:12:59.032535+09:00,2026-09-17,09:12,009150,삼성전기,KR,1379000.0000,0.5102
2026-09-17T09:12:59.032535+09:00,2026-09-17,09:12,005380,현대차,KR,361500.0000,-0.2759
2026-09-17T09:12:59.032535+09:00,2026-09-17,09:12,035420,네이버,KR,201500.0000,-0.2475
2026-09-17T09:12:59.032535+09:00,2026-09-17,09:12,302440,SK바이오사이언스,KR,36500.0000,0.4127
2026-09-17T09:12:59.032535+09:00,2026-09-17,09:12,475230,엔알비,KR,11110.0000,-0.5372
2026-09-17T09:12:59.032535+09:00,2026-09-17,09:12,220100,퓨쳐켐,KR,7140.0000,6.8382
